"Rank","Player","Team","BYE","Position-Rank","FF Pts","VOR","ADP ( Average )","ADP Dif ( Average )","ADP (BB10s)","ADP Dif (BB10s)","ADP (CBS)","ADP Dif (CBS)","ADP (Drafters)","ADP Dif (Drafters)","ADP (ESPN)","ADP Dif (ESPN)","ADP (Fantrax)","ADP Dif (Fantrax)","ADP (FFPC)","ADP Dif (FFPC)","ADP (NFFC)","ADP Dif (NFFC)","ADP (NFL)","ADP Dif (NFL)","ADP (Sleeper)","ADP Dif (Sleeper)","ADP (Underdog)","ADP Dif (Underdog)","ADP (Y!)","ADP Dif (Y!)","ADP (Superflex)","ADP Dif (Superflex)","ADP (FFPC SF)","ADP Dif (FFPC SF)","ADP (Sleeper SF)","ADP Dif (Sleeper SF)","GC","GC Dif"
"1","Jahmyr Gibbs","DET","6","RB-01","282.8","150","1","0","0","-1","1","0","1","0","1","0","1","0","1","0","1","0","0","-1","1","0","1","0","1","0","1","0","1","0","2","1","1","0"
"2","Bijan Robinson","ATL","11","RB-02","278.3","145","2","0","0","-2","2","0","2","0","2","0","2","0","2","0","2","0","0","-2","2","0","2","0","2","0","2","0","3","1","1","-1","2","0"
"3","Ja'Marr Chase","CIN","6","WR-01","263.9","130","3","0","0","-3","3","0","3","0","3","0","3","0","3","0","3","0","0","-3","3","0","3","0","3","0","4","1","4","1","4","1","3","0"
"4","Jonathan Taylor","IND","13","RB-03","269.6","136","7","3","0","-4","4","0","8","4","6","2","7","3","8","4","8","4","0","-4","6","2","8","4","5","1","10","6","11","7","9","5","7","3"
"5","Jaxon Smith-Njigba","SEA","11","WR-02","257.9","124","5","0","0","-5","6","1","5","0","5","0","6","1","5","0","5","0","0","-5","7","2","5","0","8","3","7","2","9","4","6","1","5","0"
"6","Puka Nacua","LAR","11","WR-03","245.7","112","4","-2","0","-6","5","-1","4","-2","4","-2","4","-2","4","-2","4","-2","0","-6","4","-2","4","-2","4","-2","5","-1","6","0","5","-1","4","-2"
"7","Christian McCaffrey","SF","8","RB-04","255.2","122","6","-1","0","-7","7","0","7","0","7","0","5","-2","6","-1","7","0","0","-7","5","-2","6","-1","6","-1","9","2","8","1","8","1","8","1"
"8","Amon-Ra St. Brown","DET","6","WR-04","231.3","98","8","0","0","-8","8","0","6","-2","8","0","8","0","7","-1","6","-2","0","-8","8","0","7","-1","7","-1","11","3","12","4","11","3","6","-2"
"9","James Cook","BUF","7","RB-05","225.3","92","9","0","0","-9","9","0","9","0","9","0","9","0","10","1","9","0","0","-9","9","0","10","1","9","0","12","3","14","5","12","3","9","0"
"10","Chase Brown","CIN","6","RB-06","208.3","75","12","2","0","-10","10","0","12","2","15","5","12","2","11","1","12","2","0","-10","15","5","14","4","14","4","22","12","17","7","27","17","12","2"
"11","Saquon Barkley","PHI","10","RB-07","205.1","72","13","2","0","-11","13","2","13","2","13","2","14","3","16","5","17","6","0","-11","13","2","12","1","10","-1","24","13","23","12","22","11","13","2"
"12","De'Von Achane","MIA","6","RB-08","205.0","72","14","2","0","-12","11","-1","15","3","11","-1","13","1","15","3","15","3","0","-12","16","4","18","6","15","3","21","9","24","12","19","7","16","4"
"13","Kenneth Walker","KC","5","RB-09","203.2","70","15","2","0","-13","16","3","14","1","23","10","16","3","14","1","16","3","0","-13","18","5","13","0","12","-1","26","13","28","15","25","12","19","6"
"14","Justin Jefferson","MIN","6","WR-05","196.6","63","11","-3","0","-14","15","1","11","-3","12","-2","10","-4","12","-2","11","-3","0","-14","11","-3","11","-3","13","-1","17","3","22","8","15","1","11","-3"
"15","Derrick Henry","BAL","13","RB-10","200.1","67","17","2","0","-15","12","-3","19","4","14","-1","19","4","20","5","21","6","0","-15","17","2","17","2","17","2","30","15","31","16","33","18","21","6"
"16","Omarion Hampton","LAC","7","RB-11","198.1","65","16","0","0","-16","17","1","16","0","16","0","15","-1","19","3","14","-2","0","-16","14","-2","15","-1","16","0","25","9","25","9","24","8","18","2"
"17","Drake London","ATL","11","WR-06","205.4","72","21","4","0","-17","20","3","23","6","18","1","21","4","23","6","19","2","0","-17","19","2","23","6","20","3","28","11","33","16","23","6","15","-2"
"18","CeeDee Lamb","DAL","14","WR-07","186.8","53","10","-8","0","-18","14","-4","10","-8","10","-8","11","-7","13","-5","10","-8","0","-18","10","-8","9","-9","11","-7","16","-2","19","1","13","-5","10","-8"
"19","A.J. Brown","NE","11","WR-08","197.7","64","20","1","0","-19","19","0","20","1","19","0","17","-2","21","2","18","-1","0","-19","20","1","19","0","23","4","27","8","30","11","26","7","14","-5"
"20","Ashton Jeanty","LV","13","RB-12","195.0","62","18","-2","0","-20","21","1","17","-3","20","0","18","-2","18","-2","13","-7","0","-20","12","-8","16","-4","21","1","18","-2","20","0","17","-3","23","3"
"21","Brock Bowers","LV","13","TE-01","177.4","53","19","-2","0","-21","26","5","18","-3","22","1","20","-1","9","-12","20","-1","0","-21","21","0","20","-1","19","-2","14","-7","10","-11","20","-1","20","-1"
"22","Josh Allen","BUF","7","QB-01","342.5","63","27","5","0","-22","18","-4","32","10","17","-5","32","10","31","9","29","7","0","-22","23","1","38","16","32","10","3","-19","2","-20","3","-19","27","5"
"23","Nico Collins","HOU","8","WR-09","183.2","50","22","-1","0","-23","25","2","21","-2","24","1","22","-1","24","1","23","0","0","-23","24","1","22","-1","18","-5","31","8","36","13","29","6","17","-6"
"24","Javonte Williams","DAL","14","RB-13","197.7","65","32","8","0","-24","30","6","28","4","29","5","31","7","32","8","33","9","0","-24","33","9","33","9","34","10","46","22","48","24","51","27","32","8"
"25","Kyren Williams","LAR","11","RB-14","194.1","61","29","4","0","-25","24","-1","29","4","33","8","28","3","30","5","32","7","0","-25","27","2","31","6","27","2","44","19","45","20","45","20","31","6"
"26","George Pickens","DAL","14","WR-10","182.7","49","23","-3","0","-26","22","-4","25","-1","26","0","27","1","27","1","22","-4","0","-26","26","0","24","-2","22","-4","35","9","41","15","31","5","22","-4"
"27","Jeremiyah Love","ARI","14","RB-15","190.6","57","30","3","0","-27","31","4","35","8","25","-2","34","7","29","2","31","4","0","-27","25","-2","28","1","28","1","38","11","43","16","32","5","40","13"
"28","Trey McBride","ARI","14","TE-02","173.4","49","24","-4","0","-28","27","-1","27","-1","21","-7","25","-3","17","-11","26","-2","0","-28","22","-6","29","1","31","3","19","-9","21","-7","18","-10","25","-3"
"29","Chris Olave","NO","8","WR-11","182.7","49","26","-3","0","-29","28","-1","24","-5","28","-1","24","-5","26","-3","24","-5","0","-29","32","3","25","-4","25","-4","39","10","44","15","36","7","24","-5"
"30","Malik Nabers","NYG","8","WR-12","180.1","47","25","-5","0","-30","29","-1","22","-8","30","0","23","-7","25","-5","25","-5","0","-30","31","1","21","-9","24","-6","37","7","39","9","34","4","26","-4"
"31","DeVonta Smith","PHI","10","WR-13","178.7","45","31","0","0","-31","32","1","26","-5","34","3","29","-2","34","3","28","-3","0","-31","35","4","27","-4","26","-5","49","18","52","21","54","23","28","-3"
"32","Cam Skattebo","NYG","8","RB-16","190.1","57","43","11","0","-32","36","4","50","18","41","9","41","9","44","12","45","13","0","-32","38","6","45","13","46","14","58","26","60","28","58","26","52","20"
"33","Tee Higgins","CIN","6","WR-14","178.2","45","35","2","0","-33","37","4","38","5","46","13","38","5","43","10","38","5","0","-33","37","4","35","2","29","-4","53","20","62","29","47","14","33","0"
"34","Breece Hall","NYJ","13","RB-17","176.6","43","33","-1","0","-34","38","4","37","3","32","-2","33","-1","33","-1","37","3","0","-34","30","-4","30","-4","30","-4","45","11","49","15","43","9","34","0"
"35","Garrett Wilson","NYJ","13","WR-15","176.6","43","36","1","0","-35","45","10","34","-1","35","0","39","4","38","3","36","1","0","-35","39","4","39","4","38","3","55","20","61","26","52","17","39","4"
"36","Zay Flowers","BAL","13","WR-16","175.5","42","34","-2","0","-36","34","-2","31","-5","39","3","35","-1","36","0","30","-6","0","-36","43","7","32","-4","33","-3","52","16","55","19","53","17","30","-6"
"37","Travis Etienne","NO","8","RB-18","176.4","43","38","1","0","-37","33","-4","41","4","36","-1","36","-1","39","2","42","5","0","-37","42","5","40","3","41","4","56","19","57","20","57","20","44","7"
"38","Rashee Rice","KC","5","WR-17","172.2","39","28","-10","0","-38","23","-15","30","-8","27","-11","30","-8","28","-10","27","-11","0","-38","28","-10","26","-12","36","-2","42","4","47","9","37","-1","29","-9"
"39","Ladd McConkey","LAC","7","WR-18","178.0","45","41","2","0","-39","40","1","33","-6","43","4","61","22","37","-2","35","-4","0","-39","41","2","34","-5","40","1","54","15","56","17","55","16","35","-4"
"40","Jaylen Waddle","DEN","10","WR-19","176.6","43","42","2","0","-40","46","6","36","-4","48","8","43","3","40","0","40","0","0","-40","47","7","37","-3","35","-5","62","22","65","25","59","19","36","-4"
"41","Tetairoa McMillan","CAR","5","WR-20","173.8","40","39","-2","0","-41","42","1","44","3","37","-4","37","-4","45","4","39","-2","0","-41","34","-7","41","0","39","-2","57","16","68","27","46","5","37","-4"
"42","D'Andre Swift","CHI","10","RB-19","176.3","43","44","2","0","-42","35","-7","40","-2","50","8","44","2","41","-1","50","8","0","-42","54","12","44","2","42","0","64","22","59","17","70","28","45","3"
"43","Lamar Jackson","BAL","13","QB-02","318.7","39","45","2","0","-43","39","-4","57","14","31","-12","46","3","62","19","62","19","0","-43","36","-7","58","15","50","7","8","-35","5","-38","10","-33","38","-5"
"44","Quinshon Judkins","CLE","11","RB-20","174.7","41","50","6","0","-44","48","4","58","14","45","1","49","5","51","7","54","10","0","-44","48","4","55","11","58","14","68","24","73","29","66","22","56","12"
"45","Colston Loveland","CHI","10","TE-03","159.4","35","37","-8","0","-45","41","-4","42","-3","38","-7","42","-3","22","-23","41","-4","0","-45","44","-1","42","-3","37","-8","36","-9","32","-13","40","-5","41","-4"
"46","Bucky Irving","TB","10","RB-21","173.5","40","51","5","0","-46","43","-3","51","5","53","7","62","16","52","6","59","13","0","-46","45","-1","52","6","51","5","63","17","75","29","49","3","51","5"
"47","David Montgomery","HOU","8","RB-22","169.9","37","47","0","0","-47","50","3","47","0","58","11","48","1","47","0","47","0","0","-47","49","2","47","0","57","10","69","22","70","23","71","24","54","7"
"48","Davante Adams","LAR","11","WR-21","172.1","39","52","4","0","-48","55","7","53","5","42","-6","47","-1","55","7","52","4","0","-48","58","10","51","3","56","8","70","22","79","31","63","15","47","-1"
"49","Emeka Egbuka","TB","10","WR-22","166.5","33","40","-9","0","-49","44","-5","43","-6","40","-9","40","-9","42","-7","34","-15","0","-49","40","-9","36","-13","43","-6","61","12","64","15","56","7","42","-7"
"50","Jadarian Price","SEA","11","RB-23","172.2","39","58","8","0","-50","53","3","54","4","62","12","71","21","53","3","65","15","0","-50","61","11","60","10","59","9","84","34","77","27","90","40","60","10"
"51","Bhayshul Tuten","JAX","7","RB-24","170.8","38","55","4","0","-51","54","3","48","-3","57","6","66","15","49","-2","58","7","0","-51","59","8","49","-2","54","3","71","20","69","18","74","23","59","8"
"52","Luther Burden","CHI","10","WR-23","168.5","35","48","-4","0","-52","59","7","45","-7","66","14","53","1","50","-2","43","-9","0","-52","52","0","43","-9","44","-8","66","14","74","22","60","8","48","-4"
"53","Terry McLaurin","WAS","7","WR-24","168.3","35","49","-4","0","-53","58","5","55","2","55","2","52","-1","54","1","46","-7","0","-53","51","-2","48","-5","45","-8","74","21","80","27","67","14","46","-7"
"54","D.J. Moore","BUF","7","WR-25","165.7","32","46","-8","0","-54","51","-3","39","-15","56","2","55","1","46","-8","44","-10","0","-54","57","3","53","-1","47","-7","73","19","72","18","75","21","55","1"
"55","Christian Watson","GB","11","WR-26","170.8","37","61","6","0","-55","65","10","56","1","80","25","67","12","59","4","51","-4","0","-55","66","11","57","2","53","-2","86","31","89","34","81","26","57","2"
"56","Rhamondre Stevenson","NE","11","RB-25","170.0","37","65","9","0","-56","70","14","61","5","71","15","63","7","67","11","72","16","0","-56","78","22","67","11","62","6","92","36","90","34","97","41","67","11"
"57","Jameson Williams","DET","6","WR-27","164.9","31","54","-3","0","-57","57","0","49","-8","59","2","64","7","56","-1","49","-8","0","-57","56","-1","50","-7","52","-5","76","19","82","25","68","11","50","-7"
"58","TreVeyon Henderson","NE","11","RB-26","168.7","36","62","4","0","-58","67","9","64","6","69","11","68","10","60","2","60","2","0","-58","46","-12","61","3","64","6","72","14","83","25","62","4","65","7"
"59","Tyler Warren","IND","13","TE-04","155.0","31","53","-6","0","-59","56","-3","62","3","47","-12","57","-2","35","-24","56","-3","0","-59","50","-9","63","4","48","-11","47","-12","51","-8","48","-11","53","-6"
"60","Rome Odunze","CHI","10","WR-28","154.9","21","56","-4","0","-60","61","1","52","-8","60","0","70","10","57","-3","53","-7","0","-60","63","3","59","-1","49","-11","82","22","85","25","79","19","58","-2"
"61","Jaylen Warren","PIT","9","RB-27","168.7","36","69","8","0","-61","76","15","66","5","78","17","81","20","69","8","68","7","0","-61","69","8","69","8","69","8","88","27","91","30","83","22","71","10"
"62","Drake Maye","NE","11","QB-03","297.2","17","57","-5","0","-62","52","-10","67","5","44","-18","59","-3","71","9","63","1","0","-62","53","-9","66","4","61","-1","6","-56","7","-55","7","-55","43","-19"
"63","Jonathon Brooks","CAR","5","RB-28","169.1","36","74","11","0","-63","81","18","69","6","97","34","75","12","66","3","70","7","0","-63","92","29","75","12","75","12","108","45","92","29","131","68","80","17"
"64","Parker Washington","JAX","7","WR-29","148.4","15","59","-5","0","-64","71","7","46","-18","81","17","45","-19","58","-6","55","-9","0","-64","77","13","56","-8","55","-9","90","26","87","23","91","27","64","0"
"65","Tucker Kraft","GB","11","TE-05","157.6","33","71","6","0","-65","72","7","80","15","83","18","84","19","61","-4","76","11","0","-65","67","2","76","11","67","2","77","12","76","11","77","12","68","3"
"66","Joe Burrow","CIN","6","QB-04","294.0","14","60","-6","0","-66","49","-17","68","2","51","-15","58","-8","74","8","61","-5","0","-66","55","-11","68","2","63","-3","13","-53","13","-53","14","-52","49","-17"
"67","Jayden Daniels","WAS","7","QB-05","295.0","15","66","-1","0","-67","62","-5","74","7","49","-18","76","9","84","17","80","13","0","-67","64","-3","70","3","65","-2","15","-52","15","-52","16","-51","61","-6"
"68","Mike Evans","SF","8","WR-30","145.1","12","64","-4","0","-68","63","-5","59","-9","76","8","73","5","65","-3","57","-11","0","-68","60","-8","54","-14","60","-8","85","17","93","25","76","8","62","-6"
"69","Jalen Hurts","PHI","10","QB-06","294.7","15","70","1","0","-69","64","-5","73","4","52","-17","79","10","91","22","91","22","0","-69","65","-4","72","3","66","-3","23","-46","16","-53","28","-41","63","-6"
"70","Rico Dowdle","PIT","9","RB-29","164.8","32","81","11","0","-70","77","7","78","8","88","18","94","24","76","6","90","20","0","-70","84","14","82","12","81","11","102","32","101","31","104","34","79","9"
"71","Tony Pollard","TEN","9","RB-30","152.0","19","78","7","0","-71","73","2","84","13","82","11","86","15","75","4","78","7","0","-71","82","11","77","6","82","11","97","26","97","26","101","30","74","3"
"72","Sam LaPorta","DET","6","TE-06","137.6","13","75","3","0","-72","66","-6","88","16","65","-7","95","23","68","-4","94","22","0","-72","68","-4","90","18","70","-2","80","8","88","16","73","1","83","11"
"73","Brian Thomas Jr.","JAX","7","WR-31","143.6","10","72","-1","0","-73","84","11","71","-2","107","34","83","10","77","4","67","-6","0","-73","70","-3","64","-9","72","-1","94","21","104","31","88","15","76","3"
"74","DK Metcalf","PIT","9","WR-32","144.5","11","76","2","0","-74","89","15","77","3","74","0","90","16","83","9","71","-3","0","-74","76","2","74","0","76","2","101","27","114","40","89","15","77","3"
"75","Chris Godwin","TB","10","WR-33","147.1","14","84","9","0","-75","88","13","63","-12","116","41","96","21","80","5","73","-2","0","-75","96","21","85","10","83","8","109","34","113","38","111","36","78","3"
"76","Carnell Tate","TEN","9","WR-34","138.4","5","68","-8","0","-76","87","11","65","-11","68","-8","77","1","73","-3","64","-12","0","-76","62","-14","62","-14","73","-3","91","15","100","24","80","4","72","-4"
"77","Kyle Pitts","ATL","11","TE-07","132.6","8","77","0","0","-77","74","-3","95","18","61","-16","91","14","63","-14","79","2","0","-77","72","-5","101","24","79","2","78","1","78","1","78","1","82","5"
"78","Caleb Williams","CHI","10","QB-07","285.9","6","73","-5","0","-78","75","-3","70","-8","84","6","80","2","90","12","74","-4","0","-78","80","2","73","-5","71","-7","20","-58","18","-60","21","-57","66","-12"
"79","Quentin Johnston","LAC","7","WR-35","146.0","13","87","8","0","-79","94","15","72","-7","124","45","99","20","94","15","75","-4","0","-79","102","23","71","-8","91","12","119","40","117","38","123","44","86","7"
"80","Harold Fannin","CLE","11","TE-08","131.6","7","80","0","0","-80","68","-12","108","28","63","-17","87","7","64","-16","93","13","0","-80","71","-9","105","25","77","-3","79","-1","84","4","72","-8","81","1"
"81","George Kittle","SF","8","TE-09","134.5","10","89","8","0","-81","80","-1","115","34","67","-14","111","30","72","-9","108","27","0","-81","94","13","114","33","88","7","100","19","95","14","107","26","92","11"
"82","Dak Prescott","DAL","14","QB-08","285.6","6","79","-3","0","-82","60","-22","86","4","64","-18","88","6","98","16","87","5","0","-82","90","8","79","-3","78","-4","33","-49","27","-55","41","-41","75","-7"
"83","Justin Herbert","LAC","7","QB-09","286.6","7","83","0","0","-83","83","0","85","2","77","-6","97","14","101","18","82","-1","0","-83","81","-2","84","1","74","-9","29","-54","26","-57","30","-53","70","-13"
"84","Trevor Lawrence","JAX","7","QB-10","287.0","7","85","1","0","-84","79","-5","90","6","90","6","101","17","103","19","84","0","0","-84","97","13","87","3","80","-4","32","-52","29","-55","38","-46","73","-11"
"85","Kenneth Gainwell","TB","10","RB-31","142.6","9","93","8","0","-85","97","12","79","-6","93","8","112","27","82","-3","88","3","0","-85","109","24","110","25","114","29","114","29","107","22","125","40","105","20"
"86","Courtland Sutton","DEN","10","WR-36","136.6","3","82","-4","0","-86","78","-8","94","8","72","-14","85","-1","86","0","69","-17","0","-86","87","1","81","-5","100","14","103","17","111","25","95","9","84","-2"
"87","Marvin Harrison Jr.","ARI","14","WR-37","129.3","-4","67","-20","0","-87","69","-18","60","-27","70","-17","82","-5","70","-17","66","-21","0","-87","74","-13","65","-22","68","-19","93","6","96","9","94","7","69","-18"
"88","Michael Wilson","ARI","14","WR-38","137.7","4","86","-2","0","-88","99","11","82","-6","92","4","103","15","97","9","77","-11","0","-88","88","0","92","4","86","-2","105","17","118","30","99","11","89","1"
"89","Jayden Reed","GB","11","WR-39","144.2","11","100","11","0","-89","126","37","81","-8","134","45","125","36","105","16","95","6","0","-89","104","15","78","-11","96","7","129","40","130","41","126","37","106","17"
"90","Jordan Mason","MIN","6","RB-32","142.8","10","98","8","0","-90","96","6","93","3","136","46","113","23","89","-1","96","6","0","-90","110","20","96","6","103","13","122","32","112","22","133","43","102","12"
"91","RJ Harvey","DEN","10","RB-33","135.0","2","88","-3","0","-91","92","1","76","-15","121","30","89","-2","85","-6","85","-6","0","-91","79","-12","88","-3","110","19","95","4","108","17","85","-6","99","8"
"92","Alec Pierce","IND","13","WR-40","136.9","3","95","3","0","-92","86","-6","112","20","99","7","119","27","111","19","89","-3","0","-92","89","-3","93","1","98","6","120","28","128","36","113","21","91","-1"
"93","MarShawn Lloyd","GB","11","RB-34","163.8","31","122","29","0","-93","106","13","96","3","126","33","92","-1","113","20","139","46","0","-93","217","124","136","43","84","-9","182","89","139","46","232","139","88","-5"
"94","Jacory Croskey-Merritt","WAS","7","RB-35","139.4","6","101","7","0","-94","102","8","99","5","129","35","126","32","96","2","106","12","0","-94","100","6","100","6","90","-4","124","30","120","26","129","35","101","7"
"95","Josh Downs","IND","13","WR-41","136.9","3","97","2","0","-95","122","27","83","-12","131","36","109","14","93","-2","86","-9","0","-95","111","16","83","-12","87","-8","125","30","122","27","128","33","95","0"
"96","Blake Corum","LAR","11","RB-36","133.2","0","91","-5","0","-96","101","5","92","-4","122","26","106","10","79","-17","83","-13","0","-96","91","-5","86","-10","93","-3","111","15","109","13","116","20","90","-6"
"97","Michael Pittman Jr.","PIT","9","WR-42","133.5","0","94","-3","0","-97","114","17","101","4","79","-18","105","8","100","3","81","-16","0","-97","98","1","102","5","104","7","121","24","125","28","120","23","87","-10"
"98","J.K. Dobbins","DEN","10","RB-37","130.2","-3","90","-8","0","-98","85","-13","103","5","106","8","102","4","92","-6","97","-1","0","-98","86","-12","95","-3","85","-13","112","14","116","18","110","12","85","-13"
"99","Wan'Dale Robinson","TEN","9","WR-43","134.3","1","103","4","0","-99","113","14","87","-12","108","9","114","15","107","8","92","-7","0","-99","107","8","116","17","112","13","126","27","127","28","124","25","100","1"
"100","Brock Purdy","SF","8","QB-11","282.3","3","106","6","0","-100","93","-7","104","4","102","2","128","28","115","15","109","9","0","-100","114","14","103","3","97","-3","43","-57","35","-65","50","-50","93","-7"
"101","Jordan Addison","MIN","6","WR-44","132.8","-1","99","-2","0","-101","110","9","97","-4","112","11","123","22","116","15","101","0","0","-101","99","-2","89","-12","95","-6","130","29","136","35","121","20","107","6"
"102","Travis Kelce","KC","5","TE-10","126.1","2","108","6","0","-102","98","-4","122","20","87","-15","127","25","81","-21","121","19","0","-102","101","-1","124","22","121","19","98","-4","98","-4","103","1","103","1"
"103","Stefon Diggs","WAS","7","WR-45","128.6","-5","96","-7","0","-103","112","9","91","-12","95","-8","93","-10","104","1","98","-5","0","-103","123","20","94","-9","92","-11","131","28","129","26","130","27","97","-6"
"104","Patrick Mahomes","KC","5","QB-12","279.8","0","107","3","0","-104","100","-4","105","1","98","-6","115","11","123","19","118","14","0","-104","105","1","97","-7","120","16","40","-64","38","-66","42","-62","104","0"
"105","Isaiah Likely","NYG","8","TE-11","127.2","3","115","10","0","-105","90","-15","125","20","115","10","138","33","78","-27","119","14","0","-105","120","15","125","20","123","18","107","2","102","-3","119","14","115","10"
"106","Jaxson Dart","NYG","8","QB-13","274.8","-5","102","-4","0","-106","109","3","110","4","73","-33","121","15","119","13","114","8","0","-106","93","-13","104","-2","106","0","34","-72","34","-72","35","-71","98","-8"
"107","Dallas Goedert","PHI","10","TE-12","123.4","-1","113","6","0","-107","82","-25","127","20","94","-13","139","32","87","-20","125","18","0","-107","119","12","132","25","119","12","110","3","106","-1","118","11","116","9"
"108","Makai Lemon","PHI","10","WR-46","128.2","-5","104","-4","0","-108","130","22","102","-6","127","19","110","2","117","9","102","-6","0","-108","83","-25","80","-28","105","-3","118","10","137","29","102","-6","112","4"
"109","Bo Nix","DEN","10","QB-14","276.8","-3","111","2","0","-109","120","11","109","0","91","-18","131","22","122","13","117","8","0","-109","116","7","106","-3","102","-7","41","-68","37","-72","44","-65","96","-13"
"110","Dalton Kincaid","BUF","7","TE-13","122.9","-1","114","4","0","-110","118","8","107","-3","125","15","148","38","88","-22","116","6","0","-110","95","-15","120","10","107","-3","104","-6","110","0","98","-12","110","0"
"111","De'Zhaun Stribling","SF","8","WR-47","128.4","-5","109","-2","0","-111","115","4","89","-22","139","28","78","-33","95","-16","113","2","0","-111","152","41","109","-2","94","-17","148","37","124","13","173","62","128","17"
"112","Matthew Stafford","LAR","11","QB-15","271.1","-9","105","-7","0","-112","91","-21","114","2","86","-26","104","-8","128","16","100","-12","0","-112","112","0","113","1","113","1","51","-61","42","-70","65","-47","109","-3"
"113","Mark Andrews","BAL","13","TE-14","124.3","0","125","12","0","-113","119","6","142","29","120","7","162","49","106","-7","136","23","0","-113","118","5","134","21","134","21","115","2","119","6","114","1","125","12"
"114","Matthew Golden","GB","11","WR-48","126.3","-7","112","-2","0","-114","133","19","98","-16","103","-11","141","27","114","0","103","-11","0","-114","126","12","98","-16","101","-13","140","26","138","24","144","30","124","10"
"115","Jake Ferguson","DAL","14","TE-15","122.8","-2","121","6","0","-115","123","8","138","23","101","-14","120","5","99","-16","124","9","0","-115","108","-7","137","22","146","31","113","-2","115","0","112","-3","122","7"
"116","Chuba Hubbard","CAR","5","RB-38","114.6","-19","92","-24","0","-116","105","-11","111","-5","100","-16","100","-16","102","-14","99","-17","0","-116","73","-43","99","-17","89","-27","106","-10","121","5","100","-16","94","-22"
"117","Jared Goff","DET","6","QB-16","271.1","-9","118","1","0","-117","108","-9","100","-17","130","13","136","19","127","10","107","-10","0","-117","128","11","112","-5","118","1","48","-69","40","-77","61","-56","108","-9"
"118","Romeo Doubs","NE","11","WR-49","125.2","-8","124","6","0","-118","135","17","113","-5","146","28","142","24","136","18","115","-3","0","-118","121","3","118","0","124","6","145","27","156","38","136","18","127","9"
"119","Jakobi Meyers","JAX","7","WR-50","122.9","-11","119","0","0","-119","129","10","128","9","114","-5","134","15","130","11","104","-15","0","-119","103","-16","121","2","126","7","134","15","149","30","115","-4","114","-5"
"120","KC Concepcion","CLE","11","WR-51","121.0","-12","117","-3","0","-120","116","-4","106","-14","145","25","135","15","108","-12","111","-9","0","-120","113","-7","111","-9","99","-21","137","17","133","13","134","14","118","-2"
"121","Jordan Love","GB","11","QB-17","269.7","-10","130","9","0","-121","146","25","116","-5","155","34","151","30","150","29","133","12","0","-121","149","28","117","-4","122","1","59","-62","54","-67","64","-57","120","-1"
"122","Juwan Johnson","NO","8","TE-16","118.7","-6","139","17","0","-122","141","19","135","13","159","37","182","60","110","-12","143","21","0","-122","173","51","140","18","141","19","135","13","123","1","141","19","132","10"
"123","Chris Rodriguez","JAX","7","RB-39","122.3","-11","127","4","0","-123","140","17","117","-6","170","47","146","23","120","-3","132","9","0","-123","141","18","122","-1","111","-12","149","26","140","17","158","35","123","0"
"124","Deebo Samuel","SF","8","WR-52","122.7","-11","131","7","0","-124","128","4","121","-3","141","17","168","44","133","9","127","3","0","-124","144","20","128","4","150","26","147","23","148","24","147","23","135","11"
"125","Aaron Jones","MIN","6","RB-40","116.2","-17","120","-5","0","-125","121","-4","129","4","109","-16","130","5","118","-7","128","3","0","-125","106","-19","126","1","125","0","132","7","134","9","127","2","117","-8"
"126","Brenton Strange","JAX","7","TE-17","116.6","-8","145","19","0","-126","143","17","154","28","177","51","185","59","124","-2","152","26","0","-126","148","22","150","24","166","40","136","10","132","6","132","6","150","24"
"127","Jalen Coker","CAR","5","WR-53","118.4","-15","129","2","0","-127","145","18","120","-7","154","27","154","27","141","14","122","-5","0","-127","143","16","129","2","117","-10","152","25","157","30","145","18","129","2"
"128","Woody Marks","HOU","8","RB-41","119.9","-13","134","6","0","-128","138","10","136","8","148","20","165","37","125","-3","137","9","0","-128","145","17","138","10","131","3","146","18","144","16","150","22","131","3"
"129","Kyler Murray","MIN","6","QB-18","260.9","-19","128","-1","0","-129","137","8","119","-10","135","6","145","16","138","9","131","2","0","-129","165","36","115","-14","115","-14","65","-64","46","-83","84","-45","119","-10"
"130","Khalil Shakir","BUF","7","WR-54","118.8","-15","133","3","0","-130","161","31","133","3","137","7","159","29","146","16","123","-7","0","-130","130","0","131","1","140","10","150","20","159","29","139","9","134","4"
"131","Baker Mayfield","TB","10","QB-19","264.3","-15","132","1","0","-131","136","5","126","-5","143","12","156","25","145","14","126","-5","0","-131","151","20","123","-8","135","4","60","-71","50","-81","69","-62","121","-10"
"132","Rashid Shaheed","SEA","11","WR-55","120.0","-14","138","6","0","-132","148","16","137","5","161","29","172","40","149","17","130","-2","0","-132","153","21","135","3","133","1","159","27","160","28","160","28","140","8"
"133","Hunter Henry","NE","11","TE-18","114.1","-10","147","14","0","-133","160","27","163","30","149","16","238","105","139","6","163","30","0","-133","139","6","155","22","164","31","133","0","141","8","122","-11","148","15"
"134","Kyle Monangai","CHI","10","RB-42","97.9","-35","110","-24","0","-134","111","-23","132","-2","117","-17","116","-18","112","-22","112","-22","0","-134","85","-49","108","-26","109","-25","116","-18","131","-3","106","-28","111","-23"
"135","Tyjae Spears","TEN","9","RB-43","119.0","-14","140","5","0","-135","152","17","146","11","144","9","170","35","140","5","146","11","0","-135","159","24","153","18","139","4","160","25","155","20","166","31","137","2"
"136","Xavier Worthy","KC","5","WR-56","105.4","-28","123","-13","0","-136","139","3","123","-13","123","-13","147","11","135","-1","120","-16","0","-136","122","-14","107","-29","130","-6","142","6","152","16","135","-1","126","-10"
"137","Rachaad White","WAS","7","RB-44","98.5","-35","116","-21","0","-137","127","-10","124","-13","119","-18","98","-39","109","-28","110","-27","0","-137","115","-22","119","-18","116","-21","138","1","126","-11","142","5","113","-24"
"138","Tyler Shough","NO","8","QB-20","257.1","-23","136","-2","0","-138","153","15","130","-8","150","12","167","29","147","9","135","-3","0","-138","164","26","127","-11","138","0","67","-71","53","-85","82","-56","133","-5"
"139","Dalton Schultz","HOU","8","TE-19","111.7","-13","151","12","0","-139","159","20","160","21","190","51","218","79","142","3","175","36","0","-139","189","50","160","21","149","10","139","0","143","4","138","-1","153","14"
"140","Chigoziem Okonkwo","WAS","7","TE-20","113.8","-11","164","24","0","-140","190","50","152","12","0","-140","197","57","131","-9","157","17","0","-140","170","30","147","7","156","16","143","3","135","-5","154","14","149","9"
"141","Tre Tucker","LV","13","WR-57","110.5","-23","149","8","0","-141","169","28","144","3","201","60","191","50","159","18","149","8","0","-141","207","66","149","8","148","7","179","38","170","29","190","49","156","15"
"142","Malik Willis","MIA","6","QB-21","251.9","-28","144","2","0","-142","164","22","131","-11","178","36","176","34","153","11","145","3","0","-142","178","36","133","-9","132","-10","81","-61","58","-84","105","-37","136","-6"
"143","Terrance Ferguson","LAR","11","TE-21","113.4","-11","167","24","0","-143","0","-143","149","6","188","45","189","46","129","-14","160","17","0","-143","203","60","156","13","157","14","164","21","146","3","184","41","167","24"
"144","Mike Washington Jr.","LV","13","RB-45","97.0","-36","137","-7","0","-144","125","-19","118","-26","167","23","161","17","126","-18","147","3","0","-144","198","54","145","1","128","-16","169","25","147","3","198","54","142","-2"
"145","Tyler Allgeier","ARI","14","RB-46","95.7","-37","135","-10","0","-145","151","6","134","-11","165","20","158","13","134","-11","129","-16","0","-145","127","-18","139","-6","136","-9","144","-1","145","0","146","1","130","-15"
"146","AJ Barner","SEA","11","TE-22","103.2","-21","161","15","0","-146","204","58","182","36","218","72","271","125","163","17","200","54","0","-146","166","20","174","28","182","36","162","16","167","21","157","11","173","27"
"147","Kenyon Sadiq","NYJ","13","TE-23","100.6","-24","158","11","0","-147","187","40","192","45","164","17","214","67","155","8","197","50","0","-147","150","3","178","31","195","48","151","4","164","17","137","-10","181","34"
"148","Denzel Boston","CLE","11","WR-58","98.8","-35","146","-2","0","-148","165","17","151","3","194","46","186","38","152","4","141","-7","0","-148","155","7","142","-6","143","-5","161","13","165","17","159","11","157","9"
"149","Daniel Jones","IND","13","QB-22","250.8","-29","150","1","0","-149","162","13","139","-10","160","11","240","91","172","23","161","12","0","-149","195","46","144","-5","163","14","89","-60","66","-83","108","-41","151","2"
"150","T.J. Hockenson","MIN","6","TE-24","99.0","-25","159","9","0","-150","195","45","171","21","147","-3","230","80","144","-6","194","44","0","-150","186","36","168","18","212","62","154","4","151","1","156","6","177","27"
"151","C.J. Stroud","HOU","8","QB-23","250.6","-29","154","3","0","-151","167","16","147","-4","171","20","233","82","188","37","174","23","0","-151","191","40","146","-5","165","14","83","-68","71","-80","93","-58","147","-4"
"152","Sam Darnold","SEA","11","QB-24","252.1","-28","163","11","0","-152","150","-2","145","-7","163","11","0","-152","174","22","155","3","0","-152","169","17","143","-9","151","-1","75","-77","63","-89","86","-66","143","-9"
"153","Kayshon Boutte","HOU","8","WR-59","113.4","-20","174","21","0","-153","193","40","170","17","0","-153","194","41","191","38","185","32","0","-153","212","59","175","22","171","18","194","41","201","48","199","46","163","10"
"154","Jordyn Tyson","NO","8","WR-60","79.2","-54","126","-28","0","-154","157","3","148","-6","183","29","166","12","137","-17","105","-49","0","-154","75","-79","91","-63","129","-25","117","-37","150","-4","87","-67","141","-13"
"155","Keaton Mitchell","LAC","7","RB-47","83.6","-50","141","-14","0","-155","171","16","141","-14","207","52","157","2","121","-34","134","-21","0","-155","163","8","130","-25","127","-28","155","0","142","-13","167","12","144","-11"
"156","Greg Dulcich","MIA","6","TE-25","104.7","-20","183","27","0","-156","201","45","187","31","0","-156","282","126","158","2","203","47","0","-156","237","81","188","32","191","35","189","33","161","5","226","70","263","107"
"157","Brian Robinson","ATL","11","RB-48","92.0","-41","155","-2","0","-157","184","27","185","28","179","22","203","46","164","7","170","13","0","-157","160","3","180","23","160","3","163","6","182","25","143","-14","161","4"
"158","Cyrus Allen","KC","5","WR-61","99.7","-34","171","13","0","-158","0","-158","161","3","224","66","173","15","162","4","177","19","0","-158","216","58","164","6","173","15","201","43","189","31","234","76","290","132"
"159","Keenan Allen","IND","13","WR-62","88.1","-45","153","-6","0","-159","182","23","153","-6","173","14","137","-22","166","7","195","36","0","-159","265","106","152","-7","145","-14","214","55","183","24","266","107","182","23"
"160","Ja'Kobi Lane","BAL","13","WR-63","94.6","-39","166","6","0","-160","166","6","140","-20","191","31","0","-160","154","-6","171","11","0","-160","184","24","148","-12","172","12","172","12","172","12","182","22","238","78"
"161","Tyrone Tracy","NYG","8","RB-49","90.4","-43","165","4","0","-161","149","-12","180","19","0","-161","169","8","156","-5","142","-19","0","-161","129","-32","162","1","221","60","158","-3","169","8","149","-12","158","-3"
"162","Alvin Kamara","NO","8","RB-50","83.9","-49","157","-5","0","-162","175","13","198","36","162","0","187","25","167","5","172","10","0","-162","156","-6","194","32","184","22","167","5","177","15","162","0","160","-2"
"163","Adonai Mitchell","NYJ","13","WR-64","109.9","-24","193","30","0","-163","0","-163","158","-5","0","-163","254","91","175","12","167","4","0","-163","211","48","167","4","147","-16","187","24","187","24","193","30","159","-4"
"164","Emmett Johnson","KC","5","RB-51","85.2","-48","160","-4","0","-164","189","25","166","2","247","83","269","105","161","-3","162","-2","0","-164","181","17","183","19","167","3","176","12","186","22","170","6","170","6"
"165","Braelon Allen","NYJ","13","RB-52","91.9","-41","170","5","0","-165","179","14","176","11","0","-165","212","47","157","-8","178","13","0","-165","205","40","179","14","161","-4","185","20","174","9","201","36","152","-13"
"166","Dylan Sampson","CLE","11","RB-53","80.9","-52","152","-14","0","-166","176","10","159","-7","199","33","193","27","151","-15","151","-15","0","-166","177","11","169","3","180","14","165","-1","163","-3","171","5","145","-21"
"167","Jonah Coleman","DEN","10","RB-54","75.4","-58","143","-24","0","-167","154","-13","143","-24","184","17","213","46","132","-35","138","-29","0","-167","140","-27","141","-26","142","-25","157","-10","153","-14","163","-4","138","-29"
"168","Zach Charbonnet","SEA","11","RB-55","74.1","-59","142","-26","0","-168","142","-26","168","0","151","-17","175","7","143","-25","148","-20","0","-168","125","-43","165","-3","144","-24","153","-15","158","-10","148","-20","139","-29"
"169","Tank Bigsby","PHI","10","RB-56","76.7","-56","148","-21","0","-169","170","1","155","-14","217","48","198","29","148","-21","153","-16","0","-169","176","7","151","-18","137","-32","170","1","166","-3","181","12","146","-23"
"170","Oronde Gadsden","LAC","7","TE-26","95.5","-29","195","25","0","-170","0","-170","214","44","0","-170","195","25","168","-2","181","11","0","-170","117","-53","198","28","216","46","141","-29","168","-2","117","-53","185","15"
"171","Bryce Young","CAR","5","QB-25","238.4","-41","180","9","0","-171","0","-171","162","-9","192","21","252","81","216","45","209","38","0","-171","224","53","166","-5","183","12","96","-75","86","-85","109","-62","171","0"
"172","Jalen McMillan","TB","10","WR-65","83.2","-50","168","-4","0","-172","0","-172","173","1","169","-3","206","34","169","-3","154","-18","0","-172","192","20","157","-15","153","-19","181","9","184","12","178","6","164","-8"
"173","Cam Ward","TEN","9","QB-26","234.0","-46","177","4","0","-173","0","-173","156","-17","202","29","243","70","206","33","184","11","0","-173","193","20","161","-12","179","6","87","-86","81","-92","92","-81","154","-19"
"174","Ryan Flournoy","DAL","14","WR-66","103.7","-30","202","28","0","-174","0","-174","165","-9","0","-174","241","67","185","11","169","-5","0","-174","234","60","170","-4","162","-12","203","29","198","24","230","56","172","-2"
"175","Aaron Rodgers","PIT","9","QB-27","236.9","-43","186","11","0","-175","0","-175","172","-3","200","25","298","123","232","57","213","38","0","-175","232","57","181","6","249","74","127","-48","99","-76","153","-22","200","25"
"176","Jerry Jeudy","CLE","11","WR-67","78.1","-55","162","-14","0","-176","181","5","205","29","187","11","239","63","189","13","180","4","0","-176","204","28","205","29","194","18","191","15","204","28","187","11","165","-11"
"177","Jalen Nailor","LV","13","WR-68","80.2","-53","169","-8","0","-177","213","36","169","-8","0","-177","204","27","171","-6","150","-27","0","-177","190","13","154","-23","177","0","174","-3","179","2","176","-1","176","-1"
"178","Cade Otton","TB","10","TE-27","95.8","-29","210","32","0","-178","199","21","193","15","0","-178","313","135","186","8","232","54","0","-178","209","31","192","14","0","-178","175","-3","180","2","175","-3","203","25"
"179","Malik Washington","MIA","6","WR-69","96.7","-37","199","20","0","-179","0","-179","164","-15","0","-179","210","31","177","-2","164","-15","0","-179","222","43","173","-6","209","30","200","21","190","11","229","50","179","0"
"180","Isiah Pacheco","DET","6","RB-57","74.1","-59","156","-24","0","-180","158","-22","209","29","158","-22","183","3","165","-15","165","-15","0","-180","179","-1","196","16","178","-2","171","-9","181","1","172","-8","169","-11"
"181","Gunnar Helm","TEN","9","TE-28","96.5","-28","214","33","0","-181","0","-181","199","18","0","-181","318","137","181","0","216","35","0","-181","221","40","199","18","218","37","178","-3","185","4","174","-7","193","12"
"182","Pat Freiermuth","PIT","9","TE-29","95.4","-29","212","30","0","-182","0","-182","191","9","210","28","303","121","180","-2","234","52","0","-182","235","53","195","13","0","-182","195","13","176","-6","227","45","198","16"
"183","Jacoby Brissett","ARI","14","QB-28","230.9","-49","188","5","0","-183","0","-183","177","-6","280","97","281","98","218","35","208","25","0","-183","239","56","202","19","208","25","123","-60","94","-89","151","-32","186","3"
"184","Xavier Legette","CAR","5","WR-70","82.2","-51","--","--","--","--","--","--","--","--","--","--","--","--","--","--","--","--","--","--","--","--","--","--","--","--","--","--","--","--","--","--","279","95"
"185","Ray Davis","BUF","7","RB-58","90.2","-43","198","13","0","-185","0","-185","174","-11","0","-185","242","57","170","-15","173","-12","0","-185","210","25","186","1","152","-33","206","21","191","6","240","55","162","-23"
"186","Justice Hill","BAL","13","RB-59","94.1","-39","209","23","0","-186","0","-186","200","14","189","3","234","48","182","-4","218","32","0","-186","258","72","219","33","0","-186","215","29","192","6","257","71","232","46"
"187","Kaelon Black","SF","8","RB-60","74.1","-59","173","-14","0","-187","173","-14","175","-12","0","-187","221","34","160","-27","186","-1","0","-187","233","46","184","-3","159","-28","210","23","178","-9","261","74","214","27"
"188","Andrei Iosivas","CIN","6","WR-71","79.5","-54","--","--","--","--","--","--","--","--","--","--","--","--","--","--","--","--","--","--","--","--","--","--","--","--","--","--","--","--","--","--","319","131"
"189","Cooper Kupp","SEA","11","WR-72","73.8","-60","172","-17","0","-189","206","17","215","26","203","14","274","85","238","49","223","34","0","-189","236","47","216","27","235","46","228","39","227","38","252","63","211","22"
"190","KaVontae Turpin","DAL","14","WR-73","79.2","-54","--","--","--","--","--","--","--","--","--","--","--","--","--","--","--","--","--","--","--","--","--","--","--","--","--","--","--","--","--","--","371","181"
"191","Calvin Ridley","TEN","9","WR-74","74.3","-59","185","-6","0","-191","196","5","202","11","185","-6","255","64","210","19","222","31","0","-191","245","54","203","12","0","-191","216","25","208","17","250","59","183","-8"
"192","Tre' Harris","LAC","7","WR-75","76.5","-57","197","5","0","-192","0","-192","157","-35","0","-192","258","66","179","-13","156","-36","0","-192","208","16","159","-33","186","-6","188","-4","194","2","192","0","166","-26"
"193","Jauan Jennings","MIN","6","WR-76","65.5","-68","176","-17","0","-193","212","19","189","-4","0","-193","184","-9","195","2","168","-25","0","-193","180","-13","176","-17","214","21","180","-13","200","7","161","-32","175","-18"
"194","Pat Bryant","DEN","10","WR-77","90.5","-43","231","37","0","-194","0","-194","167","-27","0","-194","0","-194","183","-11","193","-1","0","-194","215","21","171","-23","158","-36","209","15","203","9","231","37","174","-20"
"195","Sean Tucker","TB","10","RB-61","81.9","-51","222","27","0","-195","0","-195","234","39","0","-195","299","104","214","19","212","17","0","-195","244","49","218","23","243","48","219","24","220","25","244","49","199","4"
"196","Isaiah Davis","NYJ","13","RB-62","74.0","-59","--","--","--","--","--","--","--","--","--","--","--","--","--","--","--","--","--","--","--","--","--","--","--","--","--","--","--","--","--","--","260","64"
"197","Isaac TeSlaa","DET","6","WR-78","85.3","-48","238","41","0","-197","0","-197","208","11","0","-197","256","59","248","51","191","-6","0","-197","206","9","207","10","0","-197","204","7","231","34","197","0","219","22"
"198","Ty Johnson","BUF","7","RB-63","73.7","-59","--","--","--","--","--","--","--","--","--","--","--","--","--","--","--","--","--","--","--","--","--","--","--","--","--","--","--","--","--","--","261","63"
"199","Fernando Mendoza","LV","13","QB-29","206.8","-73","187","-12","0","-199","0","-199","196","-3","186","-13","346","147","228","29","224","25","0","-199","199","0","191","-8","240","41","99","-100","105","-94","96","-103","242","43"
"200","David Njoku","LAC","7","TE-30","68.9","-55","221","21","0","-200","0","-200","224","24","215","15","338","138","196","-4","248","48","0","-200","230","30","212","12","0","-200","184","-16","197","-3","177","-23","237","37"
"201","Caleb Douglas","MIA","6","WR-79","81.7","-52","233","32","0","-201","0","-201","178","-23","0","-201","301","100","178","-23","199","-2","0","-201","0","-201","177","-24","170","-31","224","23","195","-6","278","77","268","67"
"202","Dontayvion Wicks","PHI","10","WR-80","60.6","-73","192","-10","0","-202","0","-202","150","-52","0","-202","247","45","173","-29","166","-36","0","-202","228","26","158","-44","154","-48","205","3","188","-14","241","39","168","-34"
"203","Geno Smith","NYJ","13","QB-30","227.9","-52","237","34","0","-203","0","-203","181","-22","0","-203","0","-203","235","32","215","12","0","-203","248","45","189","-14","248","45","128","-75","103","-100","152","-51","210","7"
"204","Cole Kmet","CHI","10","TE-31","63.7","-61","--","--","--","--","--","--","--","--","--","--","--","--","--","--","--","--","--","--","--","--","--","--","--","--","--","--","--","--","--","--","338","134"
"205","Malik Davis","DAL","14","RB-64","93.1","-40","261","56","0","-205","0","-205","201","-4","0","-205","0","-205","233","28","256","51","0","-205","0","-205","221","16","211","6","272","67","235","30","0","-205","225","20"
"206","Isaiah Williams","NYJ","13","WR-81","70.0","-63","--","--","--","--","--","--","--","--","--","--","--","--","--","--","--","--","--","--","--","--","--","--","--","--","--","--","--","--","--","--","482","276"
"207","Travis Hunter","JAX","7","WR-82","50.2","-83","175","-32","0","-207","0","-207","184","-23","111","-96","305","98","197","-10","206","-1","0","-207","162","-45","163","-44","174","-33","186","-21","206","-1","169","-38","207","0"
"208","Josh Oliver","MIN","6","TE-32","60.1","-64","--","--","--","--","--","--","--","--","--","--","--","--","--","--","--","--","--","--","--","--","--","--","--","--","--","--","--","--","--","--","475","267"
"209","Germie Bernard","PIT","9","WR-83","81.2","-52","251","42","0","-209","0","-209","211","2","0","-209","348","139","249","40","250","41","0","-209","247","38","206","-3","0","-209","223","14","228","19","242","33","246","37"
"210","Samaje Perine","CIN","6","RB-65","78.9","-54","246","36","0","-210","0","-210","219","9","0","-210","340","130","202","-8","252","42","0","-210","0","-210","223","13","246","36","245","35","217","7","283","73","241","31"
"211","Kendrick Bourne","ARI","14","WR-84","66.5","-67","--","--","--","--","--","--","--","--","--","--","--","--","--","--","--","--","--","--","--","--","--","--","--","--","--","--","--","--","--","--","339","128"
"212","Zachariah Branch","ATL","11","WR-85","59.2","-74","213","1","0","-212","0","-212","203","-9","0","-212","293","81","231","19","211","-1","0","-212","196","-16","201","-11","213","1","199","-13","225","13","186","-26","233","21"
"213","Devontez Walker","BAL","13","WR-86","66.4","-67","--","--","--","--","--","--","--","--","--","--","--","--","--","--","--","--","--","--","--","--","--","--","--","--","--","--","--","--","--","--","406","193"
"214","Tyquan Thornton","KC","5","WR-87","83.8","-50","267","53","0","-214","0","-214","230","16","0","-214","0","-214","274","60","278","64","0","-214","0","-214","230","16","230","16","262","48","255","41","291","77","271","57"
"215","Rashod Bateman","BAL","13","WR-88","68.9","-65","229","14","0","-215","0","-215","206","-9","0","-215","330","115","241","26","247","32","0","-215","267","52","214","-1","222","7","237","22","226","11","264","49","202","-13"
"216","Tank Dell","HOU","8","WR-89","45.6","-88","179","-37","0","-216","197","-19","204","-12","166","-50","246","30","187","-29","205","-11","0","-216","197","-19","190","-26","0","-216","192","-24","199","-17","195","-21","248","32"
"217","Colby Parkinson","LAR","11","TE-33","57.9","-66","228","11","0","-217","0","-217","216","-1","0","-217","323","106","229","12","236","19","0","-217","250","33","220","3","245","28","193","-24","211","-6","188","-29","256","39"
"218","Erick All","CIN","6","TE-34","56.8","-67","--","--","--","--","--","--","--","--","--","--","--","--","--","--","--","--","--","--","--","--","--","--","--","--","--","--","--","--","--","--","337","119"
"219","Kimani Vidal","LAC","7","RB-66","54.0","-79","207","-12","0","-219","0","-219","195","-24","0","-219","259","40","184","-35","190","-29","0","-219","227","8","208","-11","227","8","196","-23","202","-17","203","-16","180","-39"
"220","Darnell Washington","PIT","9","TE-35","85.0","-39","290","70","0","-220","0","-220","268","48","227","7","0","-220","275","55","0","-220","0","-220","0","-220","243","23","0","-220","241","21","242","22","254","34","318","98"
"221","Jordan Whittington","LAR","11","WR-90","61.7","-72","--","--","--","--","--","--","--","--","--","--","--","--","--","--","--","--","--","--","--","--","--","--","--","--","--","--","--","--","--","--","400","179"
"222","Malachi Fields","NYG","8","WR-91","54.4","-79","211","-11","0","-222","0","-222","183","-39","0","-222","314","92","193","-29","202","-20","0","-222","243","21","187","-35","224","2","218","-4","214","-8","247","25","226","4"
"223","Mason Taylor","NYJ","13","TE-36","71.3","-53","270","47","0","-223","0","-223","255","32","0","-223","0","-223","252","29","282","59","0","-223","263","40","245","22","0","-223","217","-6","222","-1","236","13","282","59"
"224","Jaylin Noel","HOU","8","WR-92","69.3","-64","241","17","0","-224","0","-224","217","-7","0","-224","0","-224","242","18","237","13","0","-224","259","35","204","-20","190","-34","236","12","234","10","255","31","197","-27"
"225","Chris Bell","MIA","6","WR-93","62.5","-71","235","10","0","-225","0","-225","186","-39","0","-225","0","-225","203","-22","227","2","0","-225","220","-5","193","-32","206","-19","226","1","221","-4","253","28","222","-3"
"226","Austin Hooper","ATL","11","TE-37","51.1","-73","--","--","--","--","--","--","--","--","--","--","--","--","--","--","--","--","--","--","--","--","--","--","--","--","--","--","--","--","--","--","399","173"
"227","Jonnu Smith","GB","11","TE-38","50.9","-73","--","--","--","--","--","--","--","--","--","--","--","--","--","--","--","--","--","--","--","--","--","--","--","--","--","--","--","--","--","--","418","191"
"228","Mike Gesicki","CIN","6","TE-39","61.3","-63","255","27","0","-228","0","-228","265","37","0","-228","327","99","246","18","277","49","0","-228","271","43","232","4","0","-228","212","-16","209","-19","237","9","301","73"
"229","Jack Bech","LV","13","WR-94","76.3","-57","272","43","0","-229","0","-229","270","41","0","-229","0","-229","296","67","269","40","0","-229","0","-229","246","17","234","5","264","35","265","36","286","57","250","21"
"230","Colbie Young","CIN","6","WR-95","57.8","-76","--","--","--","--","--","--","--","--","--","--","--","--","--","--","--","--","--","--","--","--","--","--","--","--","--","--","--","--","--","--","381","151"
"231","Seth McGowan","IND","13","RB-67","73.6","-60","262","31","0","-231","0","-231","222","-9","0","-231","0","-231","211","-20","239","8","0","-231","0","-231","215","-16","239","8","279","48","236","5","0","-231","278","47"
"232","Antonio Williams","WAS","7","WR-96","53.1","-80","220","-12","0","-232","0","-232","247","15","0","-232","253","21","262","30","214","-18","0","-232","202","-30","226","-6","236","4","202","-30","241","9","183","-49","255","23"
"233","Devaughn Vele","NO","8","WR-97","71.4","-62","258","25","0","-233","0","-233","179","-54","0","-233","0","-233","212","-21","229","-4","0","-233","0","-233","185","-48","192","-41","254","21","219","-14","297","64","249","16"
"234","Rasheen Ali","BAL","13","RB-68","57.3","-76","--","--","--","--","--","--","--","--","--","--","--","--","--","--","--","--","--","--","--","--","--","--","--","--","--","--","--","--","--","--","386","152"
"235","Joshua Palmer","BUF","7","WR-98","56.6","-77","--","--","--","--","--","--","--","--","--","--","--","--","--","--","--","--","--","--","--","--","--","--","--","--","--","--","--","--","--","--","352","117"
"236","Jalen Tolbert","MIA","6","WR-99","56.3","-77","--","--","--","--","--","--","--","--","--","--","--","--","--","--","--","--","--","--","--","--","--","--","--","--","--","--","--","--","--","--","332","96"
"237","Kaytron Allen","WAS","7","RB-69","46.1","-87","216","-21","0","-237","0","-237","210","-27","0","-237","326","89","192","-45","201","-36","0","-237","229","-8","222","-15","204","-33","213","-24","213","-24","235","-2","215","-22"
"238","Jaylen Wright","MIA","6","RB-70","59.1","-74","249","11","0","-238","0","-238","226","-12","0","-238","331","93","227","-11","225","-13","0","-238","231","-7","247","9","0","-238","234","-4","229","-9","258","20","217","-21"
"239","Roschon Johnson","CHI","10","RB-71","56.0","-77","--","--","--","--","--","--","--","--","--","--","--","--","--","--","--","--","--","--","--","--","--","--","--","--","--","--","--","--","--","--","366","127"
"240","Omar Cooper Jr.","NYJ","13","WR-100","39.5","-94","200","-40","0","-240","0","-240","188","-52","0","-240","202","-38","205","-35","192","-48","0","-240","161","-79","172","-68","200","-40","183","-57","210","-30","164","-76","178","-62"
"241","Brock Wright","DET","6","TE-40","46.2","-78","--","--","--","--","--","--","--","--","--","--","--","--","--","--","--","--","--","--","--","--","--","--","--","--","--","--","--","--","--","--","483","242"
"242","Kaleb Johnson","GB","11","RB-72","58.5","-75","250","8","0","-242","0","-242","212","-30","254","12","0","-242","279","37","273","31","0","-242","273","31","0","-242","210","-32","263","21","257","15","292","50","264","22"
"243","Noah Fant","NO","8","TE-41","46.1","-78","--","--","--","--","--","--","--","--","--","--","--","--","--","--","--","--","--","--","--","--","--","--","--","--","--","--","--","--","--","--","383","140"
"244","Evan Engram","DEN","10","TE-42","58.8","-65","266","22","0","-244","0","-244","233","-11","0","-244","312","68","204","-40","255","11","0","-244","0","-244","224","-20","0","-244","211","-33","193","-51","246","2","239","-5"
"245","Chris Brooks","GB","11","RB-73","78.5","-55","292","47","0","-245","0","-245","231","-14","0","-245","0","-245","268","23","268","23","0","-245","0","-245","262","17","0","-245","294","49","258","13","0","-245","244","-1"
"246","Xavier Hutchinson","HOU","8","WR-101","54.8","-79","--","--","--","--","--","--","--","--","--","--","--","--","--","--","--","--","--","--","--","--","--","--","--","--","--","--","--","--","--","--","328","82"
"247","George Holani","SEA","11","RB-74","54.4","-79","243","-4","0","-247","0","-247","213","-34","0","-247","307","60","208","-39","204","-43","0","-247","0","-247","234","-13","220","-27","244","-3","218","-29","281","34","216","-31"
"248","Michael Mayer","LV","13","TE-43","65.8","-59","287","39","0","-248","0","-248","228","-20","0","-248","0","-248","224","-24","274","26","0","-248","0","-248","228","-20","0","-248","231","-17","216","-32","265","17","323","75"
"249","Trey Sermon","ATL","11","RB-75","54.1","-79","--","--","--","--","--","--","--","--","--","--","--","--","--","--","--","--","--","--","--","--","--","--","--","--","--","--","--","--","--","--","834","585"
"250","Emanuel Wilson","SEA","11","RB-76","71.9","-61","281","31","0","-250","0","-250","0","-250","0","-250","325","75","311","61","254","4","0","-250","269","19","291","41","0","-250","286","36","310","60","262","12","224","-26"
"251","Tommy Tremble","CAR","5","TE-44","45.0","-79","--","--","--","--","--","--","--","--","--","--","--","--","--","--","--","--","--","--","--","--","--","--","--","--","--","--","--","--","--","--","387","136"
"252","Kalif Raymond","CHI","10","WR-102","53.9","-80","--","--","--","--","--","--","--","--","--","--","--","--","--","--","--","--","--","--","--","--","--","--","--","--","--","--","--","--","--","--","376","124"
"253","Darren Waller","CAR","5","TE-45","47.8","-76","263","10","0","-253","0","-253","227","-26","0","-253","0","-253","215","-38","275","22","0","-253","0","-253","210","-43","247","-6","271","18","207","-46","0","-253","314","61"
"254","Tyler Higbee","LAR","11","TE-46","44.6","-80","--","--","--","--","--","--","--","--","--","--","--","--","--","--","--","--","--","--","--","--","--","--","--","--","--","--","--","--","--","--","343","89"
"255","Nicholas Singleton","TEN","9","RB-77","36.9","-96","215","-40","0","-255","0","-255","220","-35","0","-255","334","79","194","-61","207","-48","0","-255","194","-61","213","-42","205","-50","198","-57","215","-40","194","-61","191","-64"
"256","Dawson Knox","BUF","7","TE-47","64.8","-60","297","41","0","-256","0","-256","279","23","226","-30","0","-256","294","38","0","-256","0","-256","0","-256","263","7","0","-256","285","29","266","10","289","33","334","78"
"257","Hunter Luepke","DAL","14","RB-78","51.7","-82","--","--","--","--","--","--","--","--","--","--","--","--","--","--","--","--","--","--","--","--","--","--","--","--","--","--","--","--","--","--","462","205"
"258","Mack Hollins","NE","11","WR-103","51.1","-82","--","--","--","--","--","--","--","--","--","--","--","--","--","--","--","--","--","--","--","--","--","--","--","--","--","--","--","--","--","--","300","42"
"259","Jordan James","SF","8","RB-79","29.3","-104","191","-68","0","-259","209","-50","246","-13","0","-259","306","47","199","-60","219","-40","0","-259","268","9","229","-30","244","-15","246","-13","223","-36","280","21","258","-1"
"260","Elic Ayomanor","TEN","9","WR-104","50.7","-83","--","--","--","--","--","--","--","--","--","--","--","--","--","--","--","--","--","--","--","--","--","--","--","--","--","--","--","--","--","--","269","9"
"261","Troy Franklin","DEN","10","WR-105","50.2","-83","254","-7","0","-261","0","-261","245","-16","0","-261","310","49","284","23","235","-26","0","-261","270","9","239","-22","0","-261","238","-23","247","-14","243","-18","243","-18"
"262","Theo Johnson","NYG","8","TE-48","41.3","-83","--","--","--","--","--","--","--","--","--","--","--","--","--","--","--","--","--","--","--","--","--","--","--","--","--","--","--","--","--","--","292","30"
"263","Demario Douglas","NE","11","WR-106","69.8","-64","300","37","0","-263","0","-263","225","-38","0","-263","0","-263","302","39","326","63","0","-263","0","-263","225","-38","0","-263","295","32","263","0","0","-263","321","58"
"264","Kyle Williams","NE","11","WR-107","49.7","-84","--","--","--","--","--","--","--","--","--","--","--","--","--","--","--","--","--","--","--","--","--","--","--","--","--","--","--","--","--","--","291","27"
"265","Noah Gray","KC","5","TE-49","39.2","-85","--","--","--","--","--","--","--","--","--","--","--","--","--","--","--","--","--","--","--","--","--","--","--","--","--","--","--","--","--","--","346","81"
"266","Roman Wilson","PIT","9","WR-108","48.4","-85","--","--","--","--","--","--","--","--","--","--","--","--","--","--","--","--","--","--","--","--","--","--","--","--","--","--","--","--","--","--","363","97"
"267","Elijah Higgins","ARI","14","TE-50","38.1","-86","--","--","--","--","--","--","--","--","--","--","--","--","--","--","--","--","--","--","--","--","--","--","--","--","--","--","--","--","--","--","421","154"
"268","Olamide Zaccheaus","ATL","11","WR-109","47.2","-86","--","--","--","--","--","--","--","--","--","--","--","--","--","--","--","--","--","--","--","--","--","--","--","--","--","--","--","--","--","--","357","89"
"269","Charlie Kolar","LAC","7","TE-51","37.8","-87","--","--","--","--","--","--","--","--","--","--","--","--","--","--","--","--","--","--","--","--","--","--","--","--","--","--","--","--","--","--","327","58"
"270","Jake Tonges","SF","8","TE-52","36.9","-87","265","-5","0","-270","0","-270","241","-29","0","-270","0","-270","223","-47","241","-29","0","-270","242","-28","255","-15","0","-270","221","-49","233","-37","233","-37","316","46"
"271","James Conner","ARI","14","RB-80","31.5","-102","224","-47","0","-271","0","-271","236","-35","0","-271","279","8","244","-27","243","-28","0","-271","200","-71","248","-23","229","-42","197","-74","238","-33","168","-103","231","-40"
"272","Foster Moreau","HOU","8","TE-53","36.7","-88","--","--","--","--","--","--","--","--","--","--","--","--","--","--","--","--","--","--","--","--","--","--","--","--","--","--","--","--","--","--","477","205"
"273","Jacob Saylors","DET","6","RB-81","45.4","-88","--","--","--","--","--","--","--","--","--","--","--","--","--","--","--","--","--","--","--","--","--","--","--","--","--","--","--","--","--","--","395","122"
"274","Kyle Juszczyk","SF","8","RB-82","43.9","-89","--","--","--","--","--","--","--","--","--","--","--","--","--","--","--","--","--","--","--","--","--","--","--","--","--","--","--","--","--","--","403","129"
"275","Adam Trautman","DEN","10","TE-54","34.4","-90","--","--","--","--","--","--","--","--","--","--","--","--","--","--","--","--","--","--","--","--","--","--","--","--","--","--","--","--","--","--","427","152"
"276","Ashton Dulin","IND","13","WR-110","43.4","-90","--","--","--","--","--","--","--","--","--","--","--","--","--","--","--","--","--","--","--","--","--","--","--","--","--","--","--","--","--","--","420","144"
"277","Elijah Arroyo","SEA","11","TE-55","42.4","-82","294","17","0","-277","0","-277","273","-4","249","-28","0","-277","267","-10","0","-277","0","-277","0","-277","256","-21","0","-277","284","7","249","-28","279","2","330","53"
"278","Najee Harris","NYG","8","RB-83","36.5","-97","259","-19","0","-278","0","-278","197","-81","0","-278","0","-278","190","-88","233","-45","0","-278","0","-278","200","-78","198","-80","251","-27","212","-66","299","21","228","-50"
"279","Kendre Miller","NO","8","RB-84","42.2","-91","273","-6","0","-279","0","-279","257","-22","0","-279","0","-279","297","18","280","1","0","-279","0","-279","286","7","226","-53","282","3","329","50","0","-279","273","-6"
"280","Jackson Hawes","BUF","7","TE-56","33.8","-90","--","--","--","--","--","--","--","--","--","--","--","--","--","--","--","--","--","--","--","--","--","--","--","--","--","--","--","--","--","--","430","150"
"281","Tory Horton","SEA","11","WR-111","42.0","-91","275","-6","0","-281","0","-281","267","-14","0","-281","0","-281","312","31","281","0","0","-281","251","-30","250","-31","0","-281","261","-20","283","2","256","-25","272","-9"
"282","Jahan Dotson","ATL","11","WR-112","44.2","-89","280","-2","0","-282","0","-282","248","-34","0","-282","0","-282","307","25","345","63","0","-282","0","-282","252","-30","232","-50","297","15","297","15","0","-282","325","43"
"283","Darnell Mooney","NYG","8","WR-113","33.5","-100","253","-30","0","-283","0","-283","251","-32","0","-283","283","0","301","18","238","-45","0","-283","240","-43","240","-43","0","-283","256","-27","259","-24","259","-24","229","-54"
"284","Chimere Dike","TEN","9","WR-114","41.4","-92","--","--","--","--","--","--","--","--","--","--","--","--","--","--","--","--","--","--","--","--","--","--","--","--","--","--","--","--","--","--","274","-10"
"285","Marvin Mims","DEN","10","WR-115","41.2","-92","--","--","--","--","--","--","--","--","--","--","--","--","--","--","--","--","--","--","--","--","--","--","--","--","--","--","--","--","--","--","288","3"
"286","Darius Slayton","NYG","8","WR-116","40.5","-93","--","--","--","--","--","--","--","--","--","--","--","--","--","--","--","--","--","--","--","--","--","--","--","--","--","--","--","--","--","--","275","-11"
"287","Treylon Burks","WAS","7","WR-117","40.4","-93","--","--","--","--","--","--","--","--","--","--","--","--","--","--","--","--","--","--","--","--","--","--","--","--","--","--","--","--","--","--","355","68"
"288","John Metchie","CAR","5","WR-118","39.4","-94","--","--","--","--","--","--","--","--","--","--","--","--","--","--","--","--","--","--","--","--","--","--","--","--","--","--","--","--","--","--","382","94"
"289","Tahj Brooks","CIN","6","RB-85","37.6","-96","--","--","--","--","--","--","--","--","--","--","--","--","--","--","--","--","--","--","--","--","--","--","--","--","--","--","--","--","--","--","303","14"
"290","Adam Randall","BAL","13","RB-86","41.5","-92","293","3","0","-290","0","-290","254","-36","0","-290","0","-290","258","-32","270","-20","0","-290","0","-290","254","-36","0","-290","293","3","246","-44","0","-290","286","-4"
"291","Tez Johnson","TB","10","WR-119","37.6","-96","--","--","--","--","--","--","--","--","--","--","--","--","--","--","--","--","--","--","--","--","--","--","--","--","--","--","--","--","--","--","345","54"
"292","Josh Cameron","JAX","7","WR-120","36.9","-97","--","--","--","--","--","--","--","--","--","--","--","--","--","--","--","--","--","--","--","--","--","--","--","--","--","--","--","--","--","--","486","194"
"293","Durham Smythe","BAL","13","TE-57","26.9","-97","--","--","--","--","--","--","--","--","--","--","--","--","--","--","--","--","--","--","--","--","--","--","--","--","--","--","--","--","--","--","489","196"
"294","Tai Felton","MIN","6","WR-121","35.9","-98","--","--","--","--","--","--","--","--","--","--","--","--","--","--","--","--","--","--","--","--","--","--","--","--","--","--","--","--","--","--","435","141"
"295","Tanner Hudson","CIN","6","TE-58","26.5","-98","--","--","--","--","--","--","--","--","--","--","--","--","--","--","--","--","--","--","--","--","--","--","--","--","--","--","--","--","--","--","456","161"
"296","Hollywood Brown","PHI","10","WR-122","35.4","-98","--","--","--","--","--","--","--","--","--","--","--","--","--","--","--","--","--","--","--","--","--","--","--","--","--","--","--","--","--","--","298","2"
"297","Cade Stover","HOU","8","TE-59","25.9","-98","--","--","--","--","--","--","--","--","--","--","--","--","--","--","--","--","--","--","--","--","--","--","--","--","--","--","--","--","--","--","542","245"
"298","Daniel Bellinger","TEN","9","TE-60","25.3","-99","--","--","--","--","--","--","--","--","--","--","--","--","--","--","--","--","--","--","--","--","--","--","--","--","--","--","--","--","--","--","401","103"
"299","Ben Sinnott","WAS","7","TE-61","25.1","-99","--","--","--","--","--","--","--","--","--","--","--","--","--","--","--","--","--","--","--","--","--","--","--","--","--","--","--","--","--","--","388","89"
"300","Ronnie Rivers","LAR","11","RB-87","33.9","-99","--","--","--","--","--","--","--","--","--","--","--","--","--","--","--","--","--","--","--","--","--","--","--","--","--","--","--","--","--","--","460","160"
"301","Ted Hurst","TB","10","WR-123","16.3","-117","218","-83","0","-301","0","-301","190","-111","0","-301","337","36","217","-84","220","-81","0","-301","225","-76","197","-104","241","-60","222","-79","230","-71","239","-62","251","-50"
"302","Keon Coleman","BUF","7","WR-124","28.1","-105","268","-34","0","-302","0","-302","229","-73","0","-302","0","-302","276","-26","261","-41","0","-302","266","-36","217","-85","0","-302","257","-45","251","-51","267","-35","247","-55"
"303","Tay Martin","DET","6","WR-125","34.0","-99","--","--","--","--","--","--","--","--","--","--","--","--","--","--","--","--","--","--","--","--","--","--","--","--","--","--","--","--","--","--","536","233"
"304","Ollie Gordon","MIA","6","RB-88","33.7","-100","--","--","--","--","--","--","--","--","--","--","--","--","--","--","--","--","--","--","--","--","--","--","--","--","--","--","--","--","--","--","257","-47"
"305","Zavion Thomas","CHI","10","WR-126","29.0","-104","277","-28","0","-305","0","-305","239","-66","237","-68","0","-305","325","20","319","14","0","-305","0","-305","257","-48","0","-305","280","-25","311","6","0","-305","369","64"
"306","Eli Stowers","PHI","10","TE-62","19.5","-105","276","-30","0","-306","0","-306","0","-306","301","-5","0","-306","281","-25","289","-17","0","-306","238","-68","258","-48","0","-306","207","-99","243","-63","189","-117","297","-9"
"307","Luke Schoonmaker","DAL","14","TE-63","24.1","-100","--","--","--","--","--","--","--","--","--","--","--","--","--","--","--","--","--","--","--","--","--","--","--","--","--","--","--","--","--","--","479","172"
"308","Raheim Sanders","CLE","11","RB-89","32.9","-100","--","--","--","--","--","--","--","--","--","--","--","--","--","--","--","--","--","--","--","--","--","--","--","--","--","--","--","--","--","--","373","65"
"309","Jeremy Ruckert","NYJ","13","TE-64","23.9","-100","--","--","--","--","--","--","--","--","--","--","--","--","--","--","--","--","--","--","--","--","--","--","--","--","--","--","--","--","--","--","540","231"
"310","Shedeur Sanders","CLE","11","QB-31","166.1","-114","248","-62","0","-310","0","-310","232","-78","236","-74","0","-310","261","-49","265","-45","0","-310","261","-49","231","-79","0","-310","166","-144","173","-137","165","-145","281","-29"
"311","Reggie Gilliam","NE","11","RB-90","32.7","-100","--","--","--","--","--","--","--","--","--","--","--","--","--","--","--","--","--","--","--","--","--","--","--","--","--","--","--","--","--","--","469","158"
"312","Dont'e Thornton","LV","13","WR-127","32.8","-101","--","--","--","--","--","--","--","--","--","--","--","--","--","--","--","--","--","--","--","--","--","--","--","--","--","--","--","--","--","--","378","66"
"313","Christian Kirk","SF","8","WR-128","25.5","-108","274","-39","0","-313","0","-313","240","-73","256","-57","0","-313","323","10","260","-53","0","-313","0","-313","278","-35","0","-313","278","-35","337","24","296","-17","284","-29"
"314","Luke McCaffrey","WAS","7","WR-129","32.5","-101","--","--","--","--","--","--","--","--","--","--","--","--","--","--","--","--","--","--","--","--","--","--","--","--","--","--","--","--","--","--","342","28"
"315","Demond Claiborne","MIN","6","RB-91","16.3","-117","239","-76","0","-315","0","-315","243","-72","0","-315","0","-315","200","-115","210","-105","0","-315","226","-89","242","-73","202","-113","225","-90","224","-91","249","-66","234","-81"
"316","Malachi Corley","CLE","11","WR-130","32.3","-101","--","--","--","--","--","--","--","--","--","--","--","--","--","--","--","--","--","--","--","--","--","--","--","--","--","--","--","--","--","--","603","287"
"317","Mason Tipton","NO","8","WR-131","32.1","-101","--","--","--","--","--","--","--","--","--","--","--","--","--","--","--","--","--","--","--","--","--","--","--","--","--","--","--","--","--","--","588","271"
"318","Isaiah Bond","CLE","11","WR-132","32.0","-101","--","--","--","--","--","--","--","--","--","--","--","--","--","--","--","--","--","--","--","--","--","--","--","--","--","--","--","--","--","--","304","-14"
"319","Konata Mumpfield","LAR","11","WR-133","31.9","-102","--","--","--","--","--","--","--","--","--","--","--","--","--","--","--","--","--","--","--","--","--","--","--","--","--","--","--","--","--","--","344","25"
"320","Tim Patrick","NYJ","13","WR-134","31.9","-102","--","--","--","--","--","--","--","--","--","--","--","--","--","--","--","--","--","--","--","--","--","--","--","--","--","--","--","--","--","--","452","132"
"321","Eli Raridon","NE","11","TE-65","22.4","-102","--","--","--","--","--","--","--","--","--","--","--","--","--","--","--","--","--","--","--","--","--","--","--","--","--","--","--","--","--","--","333","12"
"322","Will Kacmarek","MIA","6","TE-66","22.0","-102","--","--","--","--","--","--","--","--","--","--","--","--","--","--","--","--","--","--","--","--","--","--","--","--","--","--","--","--","--","--","476","154"
"323","Kevin Coleman","MIA","6","WR-135","31.1","-102","--","--","--","--","--","--","--","--","--","--","--","--","--","--","--","--","--","--","--","--","--","--","--","--","--","--","--","--","--","--","370","47"
"324","Savion Williams","GB","11","WR-136","30.7","-103","--","--","--","--","--","--","--","--","--","--","--","--","--","--","--","--","--","--","--","--","--","--","--","--","--","--","--","--","--","--","375","51"
"325","Bryce Lance","NO","8","WR-137","25.2","-108","296","-29","0","-325","0","-325","235","-90","0","-325","0","-325","293","-32","279","-46","0","-325","0","-325","253","-72","0","-325","296","-29","264","-61","0","-325","329","4"
"326","Ja'Tavion Sanders","CAR","5","TE-67","21.4","-103","--","--","--","--","--","--","--","--","--","--","--","--","--","--","--","--","--","--","--","--","--","--","--","--","--","--","--","--","--","--","354","28"
"327","Mo Alie-Cox","IND","13","TE-68","20.8","-103","--","--","--","--","--","--","--","--","--","--","--","--","--","--","--","--","--","--","--","--","--","--","--","--","--","--","--","--","--","--","478","151"
"328","Eli Heidenreich","PIT","9","RB-92","29.5","-104","--","--","--","--","--","--","--","--","--","--","--","--","--","--","--","--","--","--","--","--","--","--","--","--","--","--","--","--","--","--","362","34"
"329","Jonathan Mingo","DAL","14","WR-138","29.2","-104","--","--","--","--","--","--","--","--","--","--","--","--","--","--","--","--","--","--","--","--","--","--","--","--","--","--","--","--","--","--","512","183"
"330","Davis Allen","LAR","11","TE-69","19.7","-105","--","--","--","--","--","--","--","--","--","--","--","--","--","--","--","--","--","--","--","--","--","--","--","--","--","--","--","--","--","--","544","214"
"331","Mitchell Evans","CAR","5","TE-70","19.6","-105","--","--","--","--","--","--","--","--","--","--","--","--","--","--","--","--","--","--","--","--","--","--","--","--","--","--","--","--","--","--","413","82"
"332","Brashard Smith","KC","5","RB-93","27.9","-105","--","--","--","--","--","--","--","--","--","--","--","--","--","--","--","--","--","--","--","--","--","--","--","--","--","--","--","--","--","--","287","-45"
"333","Oscar Delp","NO","8","TE-71","18.7","-106","--","--","--","--","--","--","--","--","--","--","--","--","--","--","--","--","--","--","--","--","--","--","--","--","--","--","--","--","--","--","326","-7"
"334","Odell Beckham","NYG","8","WR-139","16.2","-117","278","-56","0","-334","0","-334","262","-72","206","-128","0","-334","340","6","304","-30","0","-334","0","-334","265","-69","0","-334","283","-51","0","-334","0","-334","390","56"
"335","Grant Calcaterra","PHI","10","TE-72","18.7","-106","--","--","--","--","--","--","--","--","--","--","--","--","--","--","--","--","--","--","--","--","--","--","--","--","--","--","--","--","--","--","572","237"
"336","Brevyn Spann-Ford","DAL","14","TE-73","18.5","-106","--","--","--","--","--","--","--","--","--","--","--","--","--","--","--","--","--","--","--","--","--","--","--","--","--","--","--","--","--","--","571","235"
"337","Seydou Traore","MIA","6","TE-74","17.7","-107","--","--","--","--","--","--","--","--","--","--","--","--","--","--","--","--","--","--","--","--","--","--","--","--","--","--","--","--","--","--","566","229"
"338","Nate Boerkircher","JAX","7","TE-75","17.6","-107","--","--","--","--","--","--","--","--","--","--","--","--","--","--","--","--","--","--","--","--","--","--","--","--","--","--","--","--","--","--","481","143"
"339","Drew Sample","CIN","6","TE-76","17.6","-107","--","--","--","--","--","--","--","--","--","--","--","--","--","--","--","--","--","--","--","--","--","--","--","--","--","--","--","--","--","--","480","141"
"340","Tua Tagovailoa","ATL","11","QB-32","91.1","-189","252","-88","0","-340","0","-340","223","-117","0","-340","332","-8","257","-83","242","-98","0","-340","249","-91","241","-99","0","-340","156","-184","154","-186","155","-185","262","-78"
"341","Luke Farrell","SF","8","TE-77","17.1","-107","--","--","--","--","--","--","--","--","--","--","--","--","--","--","--","--","--","--","--","--","--","--","--","--","--","--","--","--","--","--","551","210"
"342","Riley Nowakowski","PIT","9","TE-78","17.0","-107","--","--","--","--","--","--","--","--","--","--","--","--","--","--","--","--","--","--","--","--","--","--","--","--","--","--","--","--","--","--","858","516"
"343","Ben Skowronek","PIT","9","WR-140","25.7","-108","--","--","--","--","--","--","--","--","--","--","--","--","--","--","--","--","--","--","--","--","--","--","--","--","--","--","--","--","--","--","617","274"
"344","Kirk Cousins","LV","13","QB-33","37.6","-242","256","-88","0","-344","0","-344","221","-123","346","2","335","-9","273","-71","253","-91","0","-344","0","-344","238","-106","0","-344","173","-171","175","-169","179","-165","270","-74"
"345","Will Mallory","IND","13","TE-79","15.9","-108","--","--","--","--","--","--","--","--","--","--","--","--","--","--","--","--","--","--","--","--","--","--","--","--","--","--","--","--","--","--","623","278"
"346","Jimmy Horn","CAR","5","WR-141","24.3","-109","--","--","--","--","--","--","--","--","--","--","--","--","--","--","--","--","--","--","--","--","--","--","--","--","--","--","--","--","--","--","453","107"
"347","Brittain Brown","CHI","10","RB-94","23.5","-110","--","--","--","--","--","--","--","--","--","--","--","--","--","--","--","--","--","--","--","--","--","--","--","--","--","--","--","--","--","--","715","368"
"348","Brenen Thompson","LAC","7","WR-142","23.7","-110","--","--","--","--","--","--","--","--","--","--","--","--","--","--","--","--","--","--","--","--","--","--","--","--","--","--","--","--","--","--","340","-8"
"349","Jared Wayne","HOU","8","WR-143","23.3","-110","--","--","--","--","--","--","--","--","--","--","--","--","--","--","--","--","--","--","--","--","--","--","--","--","--","--","--","--","--","--","517","168"
"350","Demarcus Robinson","SF","8","WR-144","23.1","-110","--","--","--","--","--","--","--","--","--","--","--","--","--","--","--","--","--","--","--","--","--","--","--","--","--","--","--","--","--","--","377","27"
"351","Sione Vaki","DET","6","RB-95","22.6","-111","--","--","--","--","--","--","--","--","--","--","--","--","--","--","--","--","--","--","--","--","--","--","--","--","--","--","--","--","--","--","410","59"
"352","Jahdae Walker","CHI","10","WR-145","22.9","-111","--","--","--","--","--","--","--","--","--","--","--","--","--","--","--","--","--","--","--","--","--","--","--","--","--","--","--","--","--","--","451","99"
"353","LeQuint Allen","JAX","7","RB-96","22.2","-111","--","--","--","--","--","--","--","--","--","--","--","--","--","--","--","--","--","--","--","--","--","--","--","--","--","--","--","--","--","--","265","-88"
"354","Ian Thomas","LV","13","TE-80","13.1","-111","--","--","--","--","--","--","--","--","--","--","--","--","--","--","--","--","--","--","--","--","--","--","--","--","--","--","--","--","--","--","610","256"
"355","Josh Whyle","GB","11","TE-81","12.3","-112","--","--","--","--","--","--","--","--","--","--","--","--","--","--","--","--","--","--","--","--","--","--","--","--","--","--","--","--","--","--","567","212"
"356","Michael Penix Jr.","ATL","11","QB-34","147.2","-133","285","-71","0","-356","0","-356","207","-149","0","-356","0","-356","255","-101","258","-98","0","-356","0","-356","211","-145","0","-356","168","-188","162","-194","180","-176","267","-89"
"357","Skyler Bell","BUF","7","WR-146","7.2","-126","298","-59","0","-357","0","-357","259","-98","251","-106","0","-357","320","-37","0","-357","0","-357","0","-357","233","-124","0","-357","288","-69","307","-50","282","-75","310","-47"
"358","Matthew Hibner","BAL","13","TE-82","12.1","-112","--","--","--","--","--","--","--","--","--","--","--","--","--","--","--","--","--","--","--","--","--","--","--","--","--","--","--","--","--","--","443","85"
"359","Deion Burks","IND","13","WR-147","21.2","-112","--","--","--","--","--","--","--","--","--","--","--","--","--","--","--","--","--","--","--","--","--","--","--","--","--","--","--","--","--","--","419","60"
"360","Myles Price","MIN","6","WR-148","20.9","-113","--","--","--","--","--","--","--","--","--","--","--","--","--","--","--","--","--","--","--","--","--","--","--","--","--","--","--","--","--","--","583","223"
"361","Deshaun Watson","CLE","11","QB-35","67.4","-212","288","-73","0","-361","0","-361","238","-123","0","-361","0","-361","264","-97","262","-99","0","-361","0","-361","235","-126","0","-361","177","-184","171","-190","185","-176","280","-81"
"362","Keleki Latu","BUF","7","TE-83","11.3","-113","--","--","--","--","--","--","--","--","--","--","--","--","--","--","--","--","--","--","--","--","--","--","--","--","--","--","--","--","--","--","737","375"
"363","Eric Saubert","SEA","11","TE-84","11.0","-113","--","--","--","--","--","--","--","--","--","--","--","--","--","--","--","--","--","--","--","--","--","--","--","--","--","--","--","--","--","--","580","217"
"364","Jackson Meeks","DET","6","WR-149","20.1","-113","--","--","--","--","--","--","--","--","--","--","--","--","--","--","--","--","--","--","--","--","--","--","--","--","--","--","--","--","--","--","931","567"
"365","Andrew Ogletree","IND","13","TE-85","10.9","-113","--","--","--","--","--","--","--","--","--","--","--","--","--","--","--","--","--","--","--","--","--","--","--","--","--","--","--","--","--","--","585","220"
"366","Jeremy McNichols","WAS","7","RB-97","19.6","-114","--","--","--","--","--","--","--","--","--","--","--","--","--","--","--","--","--","--","--","--","--","--","--","--","--","--","--","--","--","--","422","56"
"367","Kylen Granson","TEN","9","TE-86","10.6","-114","--","--","--","--","--","--","--","--","--","--","--","--","--","--","--","--","--","--","--","--","--","--","--","--","--","--","--","--","--","--","605","238"
"368","Payne Durham","TB","10","TE-87","10.2","-114","--","--","--","--","--","--","--","--","--","--","--","--","--","--","--","--","--","--","--","--","--","--","--","--","--","--","--","--","--","--","557","189"
"369","DJ Giddens","IND","13","RB-98","18.9","-114","--","--","--","--","--","--","--","--","--","--","--","--","--","--","--","--","--","--","--","--","--","--","--","--","--","--","--","--","--","--","276","-93"
"370","Charlie Woerner","ATL","11","TE-88","9.5","-115","--","--","--","--","--","--","--","--","--","--","--","--","--","--","--","--","--","--","--","--","--","--","--","--","--","--","--","--","--","--","576","206"
"371","John Bates","WAS","7","TE-89","9.0","-115","--","--","--","--","--","--","--","--","--","--","--","--","--","--","--","--","--","--","--","--","--","--","--","--","--","--","--","--","--","--","445","74"
"372","Elijah Sarratt","BAL","13","WR-150","18.2","-115","--","--","--","--","--","--","--","--","--","--","--","--","--","--","--","--","--","--","--","--","--","--","--","--","--","--","--","--","--","--","285","-87"
"373","Xavier Smith","LAR","11","WR-151","18.1","-115","--","--","--","--","--","--","--","--","--","--","--","--","--","--","--","--","--","--","--","--","--","--","--","--","--","--","--","--","--","--","545","172"
"374","Kendrick Law","DET","6","WR-152","18.1","-115","--","--","--","--","--","--","--","--","--","--","--","--","--","--","--","--","--","--","--","--","--","--","--","--","--","--","--","--","--","--","616","242"
"375","CJ Daniels","LAR","11","WR-153","17.8","-116","--","--","--","--","--","--","--","--","--","--","--","--","--","--","--","--","--","--","--","--","--","--","--","--","--","--","--","--","--","--","385","10"
"376","Blake Whiteheart","CLE","11","TE-90","8.2","-116","--","--","--","--","--","--","--","--","--","--","--","--","--","--","--","--","--","--","--","--","--","--","--","--","--","--","--","--","--","--","568","192"
"377","Devin Singletary","NYG","8","RB-99","17.1","-116","--","--","--","--","--","--","--","--","--","--","--","--","--","--","--","--","--","--","--","--","--","--","--","--","--","--","--","--","--","--","294","-83"
"378","Nate Adkins","DEN","10","TE-91","8.1","-116","--","--","--","--","--","--","--","--","--","--","--","--","--","--","--","--","--","--","--","--","--","--","--","--","--","--","--","--","--","--","498","120"
"379","Ke'Shawn Williams","CIN","6","WR-154","17.3","-116","--","--","--","--","--","--","--","--","--","--","--","--","--","--","--","--","--","--","--","--","--","--","--","--","--","--","--","--","--","--","677","298"
"380","Jared Wiley","KC","5","TE-92","7.5","-117","--","--","--","--","--","--","--","--","--","--","--","--","--","--","--","--","--","--","--","--","--","--","--","--","--","--","--","--","--","--","593","213"
"381","Ben Yurosek","MIN","6","TE-93","7.4","-117","--","--","--","--","--","--","--","--","--","--","--","--","--","--","--","--","--","--","--","--","--","--","--","--","--","--","--","--","--","--","609","228"
"382","Sam Roush","CHI","10","TE-94","7.4","-117","--","--","--","--","--","--","--","--","--","--","--","--","--","--","--","--","--","--","--","--","--","--","--","--","--","--","--","--","--","--","490","108"
"383","Max Bredeson","MIN","6","TE-95","7.0","-117","--","--","--","--","--","--","--","--","--","--","--","--","--","--","--","--","--","--","--","--","--","--","--","--","--","--","--","--","--","--","--","--"
"384","Will Shipley","PHI","10","RB-100","15.9","-117","--","--","--","--","--","--","--","--","--","--","--","--","--","--","--","--","--","--","--","--","--","--","--","--","--","--","--","--","--","--","317","-67"
"385","Lil'Jordan Humphrey","DEN","10","WR-155","15.5","-118","--","--","--","--","--","--","--","--","--","--","--","--","--","--","--","--","--","--","--","--","--","--","--","--","--","--","--","--","--","--","455","70"
"386","Moliki Matavao","NO","8","TE-96","6.3","-118","--","--","--","--","--","--","--","--","--","--","--","--","--","--","--","--","--","--","--","--","--","--","--","--","--","--","--","--","--","--","509","123"
"387","Ben Sims","","0","TE-97","5.9","-118","--","--","--","--","--","--","--","--","--","--","--","--","--","--","--","--","--","--","--","--","--","--","--","--","--","--","--","--","--","--","558","171"
"388","Jeshaun Jones","MIN","6","WR-156","15.0","-118","--","--","--","--","--","--","--","--","--","--","--","--","--","--","--","--","--","--","--","--","--","--","--","--","--","--","--","--","--","--","611","223"
"389","Xavier Weaver","ARI","14","WR-157","14.4","-119","--","--","--","--","--","--","--","--","--","--","--","--","--","--","--","--","--","--","--","--","--","--","--","--","--","--","--","--","--","--","664","275"
"390","Brycen Tremayne","CAR","5","WR-158","14.3","-119","--","--","--","--","--","--","--","--","--","--","--","--","--","--","--","--","--","--","--","--","--","--","--","--","--","--","--","--","--","--","508","118"
"391","British Brooks","HOU","8","RB-101","13.4","-120","--","--","--","--","--","--","--","--","--","--","--","--","--","--","--","--","--","--","--","--","--","--","--","--","--","--","--","--","--","--","631","240"
"392","Malik Benson","LV","13","WR-159","13.4","-120","--","--","--","--","--","--","--","--","--","--","--","--","--","--","--","--","--","--","--","--","--","--","--","--","--","--","--","--","--","--","367","-25"
"393","Dyami Brown","WAS","7","WR-160","13.2","-120","--","--","--","--","--","--","--","--","--","--","--","--","--","--","--","--","--","--","--","--","--","--","--","--","--","--","--","--","--","--","432","39"
"394","Dylan Laube","LV","13","RB-102","12.6","-121","--","--","--","--","--","--","--","--","--","--","--","--","--","--","--","--","--","--","--","--","--","--","--","--","--","--","--","--","--","--","440","46"
"395","Joe Royer","CLE","11","TE-98","3.1","-121","--","--","--","--","--","--","--","--","--","--","--","--","--","--","--","--","--","--","--","--","--","--","--","--","--","--","--","--","--","--","560","165"
"396","Chris Manhertz","NYG","8","TE-99","2.3","-122","--","--","--","--","--","--","--","--","--","--","--","--","--","--","--","--","--","--","--","--","--","--","--","--","--","--","--","--","--","--","637","241"
"397","Trevor Etienne","CAR","5","RB-103","11.1","-122","--","--","--","--","--","--","--","--","--","--","--","--","--","--","--","--","--","--","--","--","--","--","--","--","--","--","--","--","--","--","302","-95"
"398","Myles Montgomery","NE","11","RB-104","10.9","-122","--","--","--","--","--","--","--","--","--","--","--","--","--","--","--","--","--","--","--","--","--","--","--","--","--","--","--","--","--","--","569","171"
"399","Jalen Royals","KC","5","WR-161","9.8","-124","--","--","--","--","--","--","--","--","--","--","--","--","--","--","--","--","--","--","--","--","--","--","--","--","--","--","--","--","--","--","341","-58"
"400","Derius Davis","LAC","7","WR-162","9.8","-124","--","--","--","--","--","--","--","--","--","--","--","--","--","--","--","--","--","--","--","--","--","--","--","--","--","--","--","--","--","--","594","194"
"401","Jaylin Lane","WAS","7","WR-163","9.8","-124","--","--","--","--","--","--","--","--","--","--","--","--","--","--","--","--","--","--","--","--","--","--","--","--","--","--","--","--","--","--","384","-17"
"402","Zonovan Knight","ARI","14","RB-105","9.4","-124","--","--","--","--","--","--","--","--","--","--","--","--","--","--","--","--","--","--","--","--","--","--","--","--","--","--","--","--","--","--","348","-54"
"403","Tyler Badie","DEN","10","RB-106","9.0","-124","--","--","--","--","--","--","--","--","--","--","--","--","--","--","--","--","--","--","--","--","--","--","--","--","--","--","--","--","--","--","524","121"
"404","Tyrell Shavers","BUF","7","WR-164","9.2","-124","--","--","--","--","--","--","--","--","--","--","--","--","--","--","--","--","--","--","--","--","--","--","--","--","--","--","--","--","--","--","590","186"
"405","Elijah Moore","PHI","10","WR-165","7.8","-126","--","--","--","--","--","--","--","--","--","--","--","--","--","--","--","--","--","--","--","--","--","--","--","--","--","--","--","--","--","--","450","45"
"406","Julius Chestnut","TEN","9","RB-107","7.0","-126","--","--","--","--","--","--","--","--","--","--","--","--","--","--","--","--","--","--","--","--","--","--","--","--","--","--","--","--","--","--","582","176"
"407","Bo Melton","GB","11","WR-166","6.8","-127","--","--","--","--","--","--","--","--","--","--","--","--","--","--","--","--","--","--","--","--","--","--","--","--","--","--","--","--","--","--","615","208"
"408","KeAndre Lambert-Smith","LAC","7","WR-167","6.0","-127","--","--","--","--","--","--","--","--","--","--","--","--","--","--","--","--","--","--","--","--","--","--","--","--","--","--","--","--","--","--","496","88"
"409","Efton Chism","NE","11","WR-168","5.8","-128","--","--","--","--","--","--","--","--","--","--","--","--","--","--","--","--","--","--","--","--","--","--","--","--","--","--","--","--","--","--","502","93"
"410","Kaden Wetjen","PIT","9","WR-169","5.8","-128","--","--","--","--","--","--","--","--","--","--","--","--","--","--","--","--","--","--","--","--","--","--","--","--","--","--","--","--","--","--","501","91"
"411","Kameron Johnson","TB","10","WR-170","5.7","-128","--","--","--","--","--","--","--","--","--","--","--","--","--","--","--","--","--","--","--","--","--","--","--","--","--","--","--","--","--","--","608","197"
"412","Jake Bobo","SEA","11","WR-171","5.7","-128","--","--","--","--","--","--","--","--","--","--","--","--","--","--","--","--","--","--","--","--","--","--","--","--","--","--","--","--","--","--","516","104"
"413","Devin Duvernay","ARI","14","WR-172","5.4","-128","--","--","--","--","--","--","--","--","--","--","--","--","--","--","--","--","--","--","--","--","--","--","--","--","--","--","--","--","--","--","640","227"
"414","Kene Nwangwu","NYJ","13","RB-108","3.6","-130","--","--","--","--","--","--","--","--","--","--","--","--","--","--","--","--","--","--","--","--","--","--","--","--","--","--","--","--","--","--","531","117"
"415","Skyy Moore","GB","11","WR-173","3.0","-130","--","--","--","--","--","--","--","--","--","--","--","--","--","--","--","--","--","--","--","--","--","--","--","--","--","--","--","--","--","--","600","185"
"416","Montorie Foster","SEA","11","WR-174","2.9","-131","--","--","--","--","--","--","--","--","--","--","--","--","--","--","--","--","--","--","--","--","--","--","--","--","--","--","--","--","--","--","--","--"
"417","Ameer Abdullah","JAX","7","RB-109","2.0","-131","--","--","--","--","--","--","--","--","--","--","--","--","--","--","--","--","--","--","--","--","--","--","--","--","--","--","--","--","--","--","467","50"
"418","J.J. McCarthy","MIN","6","QB-36","34.8","-245","--","--","--","--","--","--","--","--","--","--","--","--","--","--","--","--","--","--","--","--","--","--","--","--","--","--","--","--","--","--","347","-71"
"419","Mac Jones","SF","8","QB-37","32.6","-247","--","--","--","--","--","--","--","--","--","--","--","--","--","--","--","--","--","--","--","--","--","--","--","--","--","--","--","--","--","--","356","-63"
"420","Joe Flacco","CIN","6","QB-38","30.5","-249","--","--","--","--","--","--","--","--","--","--","--","--","--","--","--","--","--","--","--","--","--","--","--","--","--","--","--","--","--","--","404","-16"
"421","Trey Lance","LAC","7","QB-39","28.7","-251","--","--","--","--","--","--","--","--","--","--","--","--","--","--","--","--","--","--","--","--","--","--","--","--","--","--","--","--","--","--","556","135"
"422","Justin Fields","KC","5","QB-40","27.8","-252","--","--","--","--","--","--","--","--","--","--","--","--","--","--","--","--","--","--","--","--","--","--","--","--","--","--","--","--","--","--","361","-61"
"423","Marcus Mariota","WAS","7","QB-41","25.9","-254","--","--","--","--","--","--","--","--","--","--","--","--","--","--","--","--","--","--","--","--","--","--","--","--","--","--","--","--","--","--","402","-21"
"424","Anthony Richardson","IND","13","QB-42","24.6","-255","--","--","--","--","--","--","--","--","--","--","--","--","--","--","--","--","--","--","--","--","--","--","--","--","--","--","--","--","--","--","372","-52"
"425","Tyson Bagent","CHI","10","QB-43","24.1","-256","--","--","--","--","--","--","--","--","--","--","--","--","--","--","--","--","--","--","--","--","--","--","--","--","--","--","--","--","--","--","563","138"
"426","Ty Simpson","LAR","11","QB-44","23.3","-256","--","--","--","--","--","--","--","--","--","--","--","--","--","--","--","--","--","--","--","--","--","--","--","--","--","--","--","--","--","--","364","-62"
"427","Joshua Dobbs","DET","6","QB-45","23.0","-257","--","--","--","--","--","--","--","--","--","--","--","--","--","--","--","--","--","--","--","--","--","--","--","--","--","--","--","--","--","--","789","362"
"428","Sam Howell","DAL","14","QB-46","22.6","-257","--","--","--","--","--","--","--","--","--","--","--","--","--","--","--","--","--","--","--","--","--","--","--","--","--","--","--","--","--","--","776","348"
"429","Davis Mills","HOU","8","QB-47","21.8","-258","--","--","--","--","--","--","--","--","--","--","--","--","--","--","--","--","--","--","--","--","--","--","--","--","--","--","--","--","--","--","762","333"
"430","Tyrod Taylor","GB","11","QB-48","21.0","-259","--","--","--","--","--","--","--","--","--","--","--","--","--","--","--","--","--","--","--","--","--","--","--","--","--","--","--","--","--","--","491","61"
"431","Tommy DeVito","NE","11","QB-49","20.3","-259","--","--","--","--","--","--","--","--","--","--","--","--","--","--","--","--","--","--","--","--","--","--","--","--","--","--","--","--","--","--","767","336"
"432","Tyler Huntley","BAL","13","QB-50","20.2","-260","--","--","--","--","--","--","--","--","--","--","--","--","--","--","--","--","--","--","--","--","--","--","--","--","--","--","--","--","--","--","761","329"
"433","Drew Lock","SEA","11","QB-51","20.2","-260","--","--","--","--","--","--","--","--","--","--","--","--","--","--","--","--","--","--","--","--","--","--","--","--","--","--","--","--","--","--","781","348"
"434","Kyle Allen","BUF","7","QB-52","20.0","-260","--","--","--","--","--","--","--","--","--","--","--","--","--","--","--","--","--","--","--","--","--","--","--","--","--","--","--","--","--","--","793","359"
"435","Spencer Rattler","NO","8","QB-53","19.9","-260","--","--","--","--","--","--","--","--","--","--","--","--","--","--","--","--","--","--","--","--","--","--","--","--","--","--","--","--","--","--","765","330"
"436","Gardner Minshew","ARI","14","QB-54","19.7","-260","--","--","--","--","--","--","--","--","--","--","--","--","--","--","--","--","--","--","--","--","--","--","--","--","--","--","--","--","--","--","559","123"
"437","Mason Rudolph","PIT","9","QB-55","19.7","-260","--","--","--","--","--","--","--","--","--","--","--","--","--","--","--","--","--","--","--","--","--","--","--","--","--","--","--","--","--","--","771","334"
"438","Jalon Daniels","TB","10","QB-56","19.3","-261","--","--","--","--","--","--","--","--","--","--","--","--","--","--","--","--","--","--","--","--","--","--","--","--","--","--","--","--","--","--","787","349"
"439","Quinn Ewers","JAX","7","QB-57","19.1","-261","--","--","--","--","--","--","--","--","--","--","--","--","--","--","--","--","--","--","--","--","--","--","--","--","--","--","--","--","--","--","550","111"
"440","Jarrett Stidham","DEN","10","QB-58","18.9","-261","--","--","--","--","--","--","--","--","--","--","--","--","--","--","--","--","--","--","--","--","--","--","--","--","--","--","--","--","--","--","760","320"
"441","Cade Klubnik","NYJ","13","QB-59","17.7","-262","--","--","--","--","--","--","--","--","--","--","--","--","--","--","--","--","--","--","--","--","--","--","--","--","--","--","--","--","--","--","414","-27"
"442","Mitch Trubisky","TEN","9","QB-60","17.6","-262","--","--","--","--","--","--","--","--","--","--","--","--","--","--","--","--","--","--","--","--","--","--","--","--","--","--","--","--","--","--","775","333"
"443","Kenny Pickett","CAR","5","QB-61","17.4","-262","--","--","--","--","--","--","--","--","--","--","--","--","--","--","--","--","--","--","--","--","--","--","--","--","--","--","--","--","--","--","782","339"
"444","Andy Dalton","PHI","10","QB-62","17.3","-263","--","--","--","--","--","--","--","--","--","--","--","--","--","--","--","--","--","--","--","--","--","--","--","--","--","--","--","--","--","--","780","336"
"445","Jameis Winston","NYG","8","QB-63","15.5","-264","--","--","--","--","--","--","--","--","--","--","--","--","--","--","--","--","--","--","--","--","--","--","--","--","--","--","--","--","--","--","409","-36"
"446","Carson Beck","ARI","14","QB-64","8.9","-271","--","--","--","--","--","--","--","--","--","--","--","--","--","--","--","--","--","--","--","--","--","--","--","--","--","--","--","--","--","--","331","-115"